License Type,Expiry Date,ContentID
Exclusive,2025-09-09T11:17:21,1
Non-Exclusive,2024-12-04T22:37:50,2
Non-Exclusive,2026-05-07T00:16:15,3
Exclusive,2025-08-31T10:25:25,4
Non-Exclusive,2025-07-22T21:02:27,5
Exclusive,2026-07-29T09:00:50,6
Non-Exclusive,2026-06-09T09:16:22,7
Exclusive,2025-02-02T08:52:15,8
Exclusive,2025-12-15T16:24:59,9
Exclusive,2025-04-28T16:28:37,10
Exclusive,2026-03-23T04:17:40,11
Exclusive,2025-11-24T22:59:42,12
Non-Exclusive,2026-05-13T15:35:33,13
Exclusive,2026-06-17T00:20:08,14
Exclusive,2026-03-31T20:51:51,15
Exclusive,2025-09-26T23:29:37,16
Exclusive,2024-09-13T09:20:54,17
Exclusive,2024-09-05T04:37:17,18
Exclusive,2024-11-20T02:27:49,19
Exclusive,2025-02-15T11:46:57,20
Non-Exclusive,2025-08-26T19:14:56,21
Exclusive,2025-07-04T22:05:39,22
Non-Exclusive,2025-11-17T04:55:29,23
Exclusive,2025-01-26T15:53:43,24
Exclusive,2025-11-23T11:43:13,25
Exclusive,2025-09-02T02:29:17,26
Non-Exclusive,2026-02-03T12:16:21,27
Non-Exclusive,2025-04-05T11:27:57,28
Exclusive,2024-12-06T23:48:42,29
Non-Exclusive,2026-05-15T05:19:39,30
Non-Exclusive,2024-09-11T08:05:49,31
Non-Exclusive,2024-08-19T18:50:38,32
Exclusive,2025-10-22T05:01:44,33
Exclusive,2026-05-18T15:38:08,34
Non-Exclusive,2024-12-08T11:41:18,35
Non-Exclusive,2025-08-14T07:49:37,36
Non-Exclusive,2026-05-21T17:00:07,37
Non-Exclusive,2025-01-29T00:49:38,38
Exclusive,2024-10-29T03:03:25,39
Exclusive,2026-05-11T22:51:59,40
Exclusive,2025-12-10T19:28:40,41
Non-Exclusive,2024-11-25T04:19:32,42
Exclusive,2024-11-10T22:35:44,43
Non-Exclusive,2025-08-25T14:54:28,44
Exclusive,2026-04-28T06:31:10,45
Non-Exclusive,2024-09-27T16:13:46,46
Non-Exclusive,2025-07-20T23:37:56,47
Exclusive,2025-12-10T13:53:46,48
Exclusive,2026-01-13T23:57:24,49
Non-Exclusive,2025-07-09T21:26:13,50
Non-Exclusive,2026-01-21T01:24:39,51
Exclusive,2025-10-17T09:47:38,52
Non-Exclusive,2026-05-02T15:37:29,53
Non-Exclusive,2026-02-26T15:34:16,54
Non-Exclusive,2025-09-19T03:45:55,55
Exclusive,2025-01-02T12:51:54,56
Non-Exclusive,2024-09-01T18:11:53,57
Exclusive,2025-08-23T12:39:41,58
Non-Exclusive,2025-05-23T10:47:22,59
Exclusive,2025-05-27T16:46:38,60
Exclusive,2025-12-10T05:53:47,61
Exclusive,2025-09-17T11:12:17,62
Exclusive,2024-09-19T06:22:02,63
Exclusive,2025-04-26T01:36:35,64
Non-Exclusive,2026-06-11T07:16:28,65
Non-Exclusive,2026-01-04T12:07:01,66
Non-Exclusive,2026-05-10T16:26:00,67
Non-Exclusive,2024-10-18T08:26:23,68
Non-Exclusive,2025-08-08T07:25:18,69
Non-Exclusive,2026-01-11T07:39:07,70
Non-Exclusive,2025-01-31T08:09:31,71
Non-Exclusive,2024-12-27T16:57:38,72
Exclusive,2025-11-13T06:12:58,73
Non-Exclusive,2024-12-31T11:04:32,74
Exclusive,2024-10-30T05:13:03,75
Non-Exclusive,2025-08-12T11:22:30,76
Exclusive,2026-07-28T00:01:29,77
Exclusive,2026-03-26T08:53:19,78
Non-Exclusive,2026-05-13T09:22:53,79
Non-Exclusive,2026-01-03T12:39:55,80
Non-Exclusive,2025-05-14T15:24:46,81
Exclusive,2024-11-14T14:38:10,82
Exclusive,2024-09-09T13:41:15,83
Non-Exclusive,2025-10-18T20:42:55,84
Non-Exclusive,2025-03-27T17:16:13,85
Non-Exclusive,2026-02-13T04:36:08,86
Non-Exclusive,2024-08-16T01:44:43,87
Exclusive,2025-12-17T07:43:31,88
Non-Exclusive,2026-04-29T12:43:09,89
Non-Exclusive,2024-08-25T05:59:50,90
Non-Exclusive,2026-05-28T13:23:57,91
Non-Exclusive,2025-10-17T01:25:20,92
Exclusive,2024-10-17T01:57:11,93
Exclusive,2025-10-26T20:20:06,94
Exclusive,2024-12-25T07:28:27,95
Exclusive,2025-12-17T12:09:47,96
Exclusive,2025-04-11T11:31:59,97
Non-Exclusive,2026-01-05T03:18:34,98
Non-Exclusive,2024-12-14T14:56:21,99
Exclusive,2024-10-10T13:34:04,100
Non-Exclusive,2025-07-29T15:33:39,101
Non-Exclusive,2024-09-10T03:39:00,102
Exclusive,2024-12-28T23:57:06,103
Exclusive,2024-12-29T12:16:25,104
Non-Exclusive,2026-05-09T03:56:56,105
Exclusive,2025-07-25T20:15:22,106
Exclusive,2024-08-16T19:58:24,107
Exclusive,2026-05-29T18:45:09,108
Non-Exclusive,2026-07-31T03:40:47,109
Non-Exclusive,2025-01-29T19:05:49,110
Non-Exclusive,2024-11-30T03:18:22,111
Exclusive,2026-03-13T11:11:29,112
Exclusive,2025-12-26T01:32:46,113
Exclusive,2025-09-22T06:41:48,114
Exclusive,2026-03-16T15:57:37,115
Exclusive,2026-06-24T03:37:51,116
Non-Exclusive,2026-01-08T08:43:30,117
Exclusive,2025-11-18T11:40:28,118
Exclusive,2025-06-02T10:28:04,119
Non-Exclusive,2025-08-14T13:32:17,120
Exclusive,2026-04-01T18:28:33,121
Non-Exclusive,2024-08-28T10:41:09,122
Non-Exclusive,2025-07-09T01:24:28,123
Exclusive,2026-03-26T16:46:18,124
Exclusive,2026-02-19T11:23:08,125
Non-Exclusive,2024-12-01T16:20:55,126
Exclusive,2025-05-30T23:24:38,127
Exclusive,2025-02-17T23:20:12,128
Exclusive,2025-02-11T08:34:48,129
Exclusive,2025-09-22T01:40:29,130
Exclusive,2025-04-15T03:11:48,131
Exclusive,2026-07-13T18:41:09,132
Exclusive,2025-02-06T21:12:36,133
Non-Exclusive,2026-05-29T20:28:55,134
Exclusive,2024-09-29T08:01:13,135
Exclusive,2026-05-14T13:03:45,136
Non-Exclusive,2025-03-08T05:26:15,137
Exclusive,2026-05-10T00:33:22,138
Non-Exclusive,2025-09-22T03:47:12,139
Exclusive,2026-08-10T13:24:09,140
Exclusive,2025-10-20T10:53:14,141
Non-Exclusive,2025-05-16T01:30:33,142
Non-Exclusive,2026-07-26T19:27:41,143
Non-Exclusive,2026-07-13T22:14:40,144
Exclusive,2025-08-12T13:46:09,145
Exclusive,2026-05-18T17:04:56,146
Non-Exclusive,2025-11-04T18:13:55,147
Exclusive,2026-01-04T02:42:52,148
Non-Exclusive,2026-05-30T12:34:43,149
Exclusive,2025-09-08T16:39:03,150
Non-Exclusive,2025-01-15T15:03:49,151
Exclusive,2025-04-07T22:03:54,152
Exclusive,2026-07-08T23:48:35,153
Exclusive,2025-05-30T14:23:25,154
Exclusive,2026-06-09T13:05:33,155
Exclusive,2025-08-23T00:24:13,156
Non-Exclusive,2024-11-09T07:24:49,157
Non-Exclusive,2024-09-04T17:50:30,158
Non-Exclusive,2024-08-31T01:31:15,159
Non-Exclusive,2026-06-13T18:08:05,160
Non-Exclusive,2025-05-02T14:04:42,161
Non-Exclusive,2026-01-12T21:01:30,162
Non-Exclusive,2026-07-21T06:19:01,163
Non-Exclusive,2026-01-21T15:02:46,164
Non-Exclusive,2025-04-18T12:15:35,165
Non-Exclusive,2026-02-17T13:36:10,166
Exclusive,2026-04-13T21:05:36,167
Non-Exclusive,2026-04-23T19:30:18,168
Exclusive,2025-07-05T08:51:33,169
Exclusive,2025-12-08T12:15:18,170
Non-Exclusive,2024-11-25T10:10:49,171
Exclusive,2025-12-31T02:39:06,172
Exclusive,2026-04-10T05:19:35,173
Non-Exclusive,2024-11-16T03:11:45,174
Non-Exclusive,2024-08-20T23:48:06,175
Non-Exclusive,2025-12-23T19:06:27,176
Non-Exclusive,2025-06-01T00:17:03,177
Non-Exclusive,2026-07-22T02:18:48,178
Exclusive,2025-05-11T18:31:02,179
Exclusive,2025-10-21T18:22:29,180
Non-Exclusive,2025-09-15T06:36:58,181
Non-Exclusive,2024-12-01T07:30:11,182
Exclusive,2025-03-10T09:39:28,183
Exclusive,2024-11-19T09:40:02,184
Non-Exclusive,2026-03-26T21:18:22,185
Non-Exclusive,2024-08-18T01:20:45,186
Exclusive,2024-12-08T12:27:18,187
Exclusive,2025-01-08T20:01:09,188
Exclusive,2026-04-06T07:03:30,189
Non-Exclusive,2026-05-26T21:05:03,190
Non-Exclusive,2026-04-26T15:19:10,191
Exclusive,2026-02-07T03:20:29,192
Non-Exclusive,2024-09-01T16:05:32,193
Non-Exclusive,2026-04-03T00:32:38,194
Exclusive,2025-03-01T13:54:12,195
Non-Exclusive,2025-10-17T15:42:49,196
Non-Exclusive,2025-03-20T13:08:04,197
Non-Exclusive,2026-02-25T08:55:44,198
Exclusive,2025-11-15T12:18:51,199
Exclusive,2025-02-27T22:17:10,200
Exclusive,2025-08-09T06:39:48,201
Non-Exclusive,2025-10-16T18:44:03,202
Non-Exclusive,2026-02-16T10:01:07,203
Exclusive,2024-08-26T01:37:28,204
Non-Exclusive,2025-11-21T05:43:31,205
Non-Exclusive,2025-06-09T06:08:56,206
Exclusive,2026-03-30T01:07:29,207
Non-Exclusive,2025-12-18T13:38:46,208
Exclusive,2025-12-02T05:45:25,209
Non-Exclusive,2026-03-19T09:39:34,210
Exclusive,2025-08-25T21:03:53,211
Non-Exclusive,2026-07-02T23:33:11,212
Exclusive,2024-12-22T17:17:18,213
Exclusive,2025-09-10T11:02:46,214
Exclusive,2026-05-13T04:38:56,215
Exclusive,2025-03-21T01:04:29,216
Non-Exclusive,2025-08-15T08:10:42,217
Non-Exclusive,2026-07-27T22:41:41,218
Non-Exclusive,2025-03-28T03:01:23,219
Exclusive,2025-04-29T21:37:46,220
Exclusive,2025-05-10T19:06:40,221
Exclusive,2026-05-20T12:08:06,222
Non-Exclusive,2026-06-30T01:26:38,223
Non-Exclusive,2026-02-21T22:43:49,224
Exclusive,2025-11-13T01:09:16,225
Exclusive,2025-08-22T07:39:18,226
Non-Exclusive,2025-03-17T02:42:38,227
Non-Exclusive,2025-07-14T05:05:39,228
Exclusive,2025-08-24T12:05:34,229
Non-Exclusive,2025-04-05T16:38:48,230
Non-Exclusive,2024-11-24T09:03:17,231
Non-Exclusive,2024-08-23T19:15:17,232
Non-Exclusive,2025-01-27T07:18:17,233
Exclusive,2025-03-27T07:09:38,234
Non-Exclusive,2026-03-27T13:34:22,235
Non-Exclusive,2025-05-11T04:00:55,236
Non-Exclusive,2026-02-04T03:36:09,237
Exclusive,2026-06-25T10:01:22,238
Exclusive,2025-04-23T02:22:00,239
Non-Exclusive,2025-08-08T07:13:17,240
Non-Exclusive,2024-10-18T15:27:20,241
Exclusive,2025-12-13T16:05:19,242
Non-Exclusive,2025-08-09T06:35:54,243
Exclusive,2026-06-26T04:07:22,244
Non-Exclusive,2026-07-05T08:39:39,245
Non-Exclusive,2024-09-08T18:01:23,246
Non-Exclusive,2025-02-14T08:34:58,247
Exclusive,2025-10-24T12:25:56,248
Non-Exclusive,2025-03-25T10:26:31,249
Exclusive,2025-01-01T03:26:19,250
Exclusive,2025-06-27T06:07:26,251
Exclusive,2025-01-06T19:41:24,252
Exclusive,2026-06-15T08:55:11,253
Exclusive,2025-06-09T07:20:33,254
Non-Exclusive,2024-11-29T06:21:40,255
Exclusive,2026-06-10T06:29:47,256
Exclusive,2026-04-13T02:15:16,257
Exclusive,2026-06-02T04:24:27,258
Non-Exclusive,2024-12-31T00:32:38,259
Non-Exclusive,2024-10-13T11:28:09,260
Exclusive,2026-07-04T03:58:35,261
Exclusive,2025-11-02T01:55:07,262
Exclusive,2026-07-31T17:06:15,263
Exclusive,2025-08-30T10:52:28,264
Non-Exclusive,2026-06-25T03:41:18,265
Non-Exclusive,2025-12-20T06:56:19,266
Non-Exclusive,2025-05-15T03:41:37,267
Exclusive,2025-12-20T08:08:50,268
Non-Exclusive,2025-07-29T05:40:39,269
Non-Exclusive,2026-06-16T19:42:27,270
Exclusive,2026-03-15T21:13:56,271
Exclusive,2025-09-23T12:45:48,272
Exclusive,2026-01-06T12:38:41,273
Non-Exclusive,2025-09-08T07:38:29,274
Exclusive,2026-07-18T04:39:34,275
Exclusive,2025-08-05T19:20:49,276
Exclusive,2025-05-20T13:19:26,277
Non-Exclusive,2026-01-09T14:55:28,278
Non-Exclusive,2024-11-18T17:30:22,279
Non-Exclusive,2025-07-12T13:01:31,280
Non-Exclusive,2025-11-22T16:56:13,281
Exclusive,2025-07-29T09:51:19,282
Non-Exclusive,2026-03-15T05:49:17,283
Exclusive,2025-02-19T21:49:08,284
Exclusive,2026-03-16T17:32:27,285
Exclusive,2024-09-18T09:34:11,286
Non-Exclusive,2024-12-22T14:26:34,287
Exclusive,2025-04-20T03:35:27,288
Non-Exclusive,2025-10-05T06:48:13,289
Exclusive,2025-06-11T05:14:45,290
Exclusive,2026-03-31T06:14:58,291
Non-Exclusive,2026-01-02T00:26:46,292
Exclusive,2025-05-18T10:05:12,293
Exclusive,2025-10-09T18:27:16,294
Exclusive,2026-02-24T21:17:06,295
Exclusive,2026-03-07T20:51:35,296
Non-Exclusive,2025-05-21T21:08:27,297
Non-Exclusive,2026-02-14T14:45:26,298
Non-Exclusive,2026-02-13T20:55:31,299
Non-Exclusive,2025-09-27T21:39:57,300
Non-Exclusive,2025-03-09T10:11:18,301
Non-Exclusive,2026-05-25T18:09:38,302
Non-Exclusive,2026-06-13T11:43:53,303
Non-Exclusive,2026-04-27T20:47:04,304
Non-Exclusive,2025-09-05T13:02:36,305
Non-Exclusive,2025-04-23T09:33:32,306
Exclusive,2025-06-09T10:44:13,307
Exclusive,2025-05-30T14:29:29,308
Exclusive,2026-06-21T12:35:06,309
Non-Exclusive,2025-07-11T15:23:08,310
Exclusive,2024-11-23T09:50:50,311
Exclusive,2026-07-14T12:02:49,312
Non-Exclusive,2025-03-20T17:57:03,313
Exclusive,2025-05-28T11:10:04,314
Non-Exclusive,2025-02-01T00:57:53,315
Non-Exclusive,2025-09-30T03:37:43,316
Exclusive,2026-08-11T21:39:44,317
Non-Exclusive,2025-06-13T23:25:42,318
Exclusive,2025-09-22T16:24:51,319
Exclusive,2026-04-10T16:35:24,320
Non-Exclusive,2026-04-12T23:35:48,321
Non-Exclusive,2025-10-23T20:29:03,322
Exclusive,2026-02-20T20:30:03,323
Non-Exclusive,2026-02-03T23:32:14,324
Non-Exclusive,2024-11-20T10:04:52,325
Exclusive,2025-09-12T02:12:55,326
Non-Exclusive,2025-10-02T17:40:14,327
Non-Exclusive,2026-01-18T22:06:12,328
Exclusive,2024-12-30T03:50:44,329
Exclusive,2026-06-05T15:04:35,330
Non-Exclusive,2025-09-02T08:22:03,331
Non-Exclusive,2026-05-30T06:42:35,332
Non-Exclusive,2026-03-20T02:23:05,333
Non-Exclusive,2025-04-27T09:18:37,334
Exclusive,2024-11-12T12:19:47,335
Exclusive,2026-02-26T01:54:50,336
Exclusive,2025-02-04T11:34:11,337
Exclusive,2024-09-24T06:24:32,338
Non-Exclusive,2024-12-18T20:38:59,339
Exclusive,2025-07-23T19:09:42,340
Exclusive,2025-06-24T17:00:10,341
Non-Exclusive,2025-01-25T16:22:43,342
Exclusive,2026-07-24T16:32:23,343
Exclusive,2025-07-27T19:40:29,344
Non-Exclusive,2024-12-27T09:02:01,345
Non-Exclusive,2025-04-03T09:16:56,346
Exclusive,2025-11-24T07:22:03,347
Exclusive,2024-12-22T03:40:33,348
Non-Exclusive,2025-03-13T09:24:49,349
Non-Exclusive,2025-11-27T06:52:41,350
Exclusive,2025-05-05T23:03:46,351
Exclusive,2025-12-04T01:02:32,352
Exclusive,2025-01-15T13:07:41,353
Exclusive,2025-06-05T12:26:20,354
Exclusive,2024-10-03T15:24:33,355
Exclusive,2026-01-10T02:48:36,356
Non-Exclusive,2026-05-28T10:37:14,357
Non-Exclusive,2024-12-19T04:22:48,358
Exclusive,2026-03-11T21:40:00,359
Exclusive,2024-11-29T10:23:50,360
Non-Exclusive,2025-09-03T04:47:31,361
Exclusive,2026-03-17T15:38:58,362
Exclusive,2025-03-18T02:15:53,363
Exclusive,2025-02-26T00:22:51,364
Exclusive,2024-12-30T14:33:32,365
Non-Exclusive,2025-06-08T11:32:20,366
Non-Exclusive,2025-02-25T01:09:17,367
Non-Exclusive,2024-12-19T04:17:11,368
Exclusive,2025-06-09T03:20:18,369
Exclusive,2026-05-07T03:32:22,370
Exclusive,2025-08-10T08:55:54,371
Exclusive,2026-02-19T10:39:56,372
Exclusive,2025-11-23T23:40:58,373
Exclusive,2025-12-17T03:13:54,374
Exclusive,2025-09-06T08:01:24,375
Non-Exclusive,2025-03-18T17:57:47,376
Exclusive,2025-10-12T18:43:27,377
Exclusive,2026-03-06T00:40:15,378
Exclusive,2026-01-26T10:47:22,379
Exclusive,2024-11-29T22:06:18,380
Exclusive,2025-07-31T16:41:02,381
Exclusive,2026-06-02T20:15:50,382
Non-Exclusive,2025-12-30T09:16:32,383
Exclusive,2024-09-18T09:32:21,384
Exclusive,2025-01-14T08:50:21,385
Exclusive,2026-05-24T06:19:33,386
Non-Exclusive,2026-06-08T13:20:05,387
Non-Exclusive,2025-10-01T09:29:18,388
Non-Exclusive,2026-03-16T12:25:58,389
Exclusive,2024-10-28T21:39:27,390
Exclusive,2024-11-25T12:07:47,391
Non-Exclusive,2026-03-25T10:47:50,392
Non-Exclusive,2026-02-06T12:59:39,393
Non-Exclusive,2026-02-17T10:30:09,394
Exclusive,2025-08-10T01:16:07,395
Exclusive,2026-06-11T08:55:03,396
Non-Exclusive,2026-01-12T07:23:08,397
Non-Exclusive,2025-09-03T16:47:39,398
Exclusive,2026-06-21T13:34:07,399
Non-Exclusive,2025-01-22T03:29:04,400
Exclusive,2024-12-11T19:51:46,401
Exclusive,2026-05-25T07:50:49,402
Non-Exclusive,2025-07-09T23:18:16,403
Non-Exclusive,2024-12-08T16:54:54,404
Exclusive,2026-08-12T22:44:03,405
Exclusive,2025-10-20T03:05:17,406
Non-Exclusive,2025-04-18T10:39:48,407
Exclusive,2024-10-13T07:05:23,408
Non-Exclusive,2024-10-01T10:29:35,409
Exclusive,2025-10-29T17:35:11,410
Non-Exclusive,2025-12-09T16:51:32,411
Non-Exclusive,2024-12-29T01:55:14,412
Non-Exclusive,2026-07-31T10:08:27,413
Non-Exclusive,2025-07-18T23:26:51,414
Exclusive,2026-02-25T07:40:19,415
Non-Exclusive,2026-05-20T02:38:40,416
Exclusive,2026-02-06T00:48:50,417
Exclusive,2024-08-21T03:18:52,418
Non-Exclusive,2025-03-06T12:09:17,419
Non-Exclusive,2025-10-31T21:13:11,420
Exclusive,2025-09-18T00:03:10,421
Exclusive,2025-02-08T02:36:32,422
Non-Exclusive,2024-10-21T00:34:10,423
Exclusive,2025-03-11T13:19:41,424
Exclusive,2026-06-20T13:35:03,425
Non-Exclusive,2025-06-22T12:26:26,426
Exclusive,2026-03-06T19:37:06,427
Non-Exclusive,2025-09-18T11:14:34,428
Non-Exclusive,2025-09-10T01:54:23,429
Exclusive,2025-10-15T20:53:24,430
Exclusive,2026-06-06T22:14:12,431
Non-Exclusive,2025-06-25T17:01:45,432
Non-Exclusive,2026-04-08T01:40:54,433
Exclusive,2025-08-14T06:27:00,434
Exclusive,2025-03-23T12:37:21,435
Exclusive,2026-03-29T01:14:18,436
Non-Exclusive,2026-05-16T16:58:56,437
Exclusive,2025-03-06T02:08:27,438
Non-Exclusive,2026-07-18T23:51:23,439
Exclusive,2024-12-16T03:25:59,440
Non-Exclusive,2024-09-06T08:29:10,441
Exclusive,2026-07-14T19:56:33,442
Non-Exclusive,2026-07-11T15:54:08,443
Non-Exclusive,2024-10-22T01:44:15,444
Exclusive,2025-07-31T06:41:35,445
Exclusive,2024-10-02T23:59:58,446
Exclusive,2025-12-05T15:44:01,447
Non-Exclusive,2026-06-04T22:36:56,448
Exclusive,2026-06-17T18:02:55,449
Non-Exclusive,2026-04-28T02:47:13,450
Exclusive,2024-12-23T08:08:53,451
Exclusive,2024-12-12T21:38:50,452
Exclusive,2025-08-09T03:47:24,453
Non-Exclusive,2025-01-02T04:40:52,454
Non-Exclusive,2026-03-28T12:46:43,455
Non-Exclusive,2025-11-28T20:21:01,456
Non-Exclusive,2024-12-29T17:52:31,457
Exclusive,2026-07-20T21:04:56,458
Exclusive,2024-10-14T17:13:49,459
Non-Exclusive,2025-02-03T13:15:48,460
Non-Exclusive,2024-10-28T14:34:20,461
Non-Exclusive,2025-01-26T10:30:04,462
Exclusive,2025-07-09T07:32:49,463
Exclusive,2025-11-27T17:35:40,464
Exclusive,2024-11-18T08:36:31,465
Exclusive,2025-09-14T00:51:38,466
Non-Exclusive,2025-08-06T01:54:21,467
Exclusive,2026-07-17T19:46:36,468
Exclusive,2026-04-10T22:06:44,469
Exclusive,2026-02-19T23:08:45,470
Non-Exclusive,2025-12-10T01:09:39,471
Exclusive,2025-10-16T23:51:43,472
Non-Exclusive,2026-05-26T23:30:19,473
Exclusive,2025-02-21T01:51:21,474
Non-Exclusive,2025-05-27T15:28:20,475
Exclusive,2026-06-16T20:05:16,476
Non-Exclusive,2024-12-10T00:08:48,477
Exclusive,2026-03-25T03:22:34,478
Non-Exclusive,2025-11-16T23:23:59,479
Exclusive,2025-09-05T17:29:54,480
Non-Exclusive,2025-01-06T18:44:28,481
Non-Exclusive,2026-05-20T04:56:47,482
Non-Exclusive,2025-01-27T19:58:35,483
Exclusive,2025-07-22T19:52:27,484
Non-Exclusive,2026-02-24T02:23:18,485
Exclusive,2025-05-07T17:45:05,486
Exclusive,2025-11-03T02:34:27,487
Non-Exclusive,2026-03-03T01:01:01,488
Exclusive,2024-10-14T18:57:23,489
Exclusive,2025-06-25T17:32:02,490
Exclusive,2026-06-04T14:49:52,491
Exclusive,2026-05-31T13:44:41,492
Non-Exclusive,2026-07-27T02:57:44,493
Exclusive,2025-11-12T21:04:01,494
Exclusive,2025-05-30T22:40:09,495
Exclusive,2025-07-31T22:20:39,496
Non-Exclusive,2026-07-05T08:10:40,497
Non-Exclusive,2025-03-27T23:36:27,498
Exclusive,2026-03-03T00:15:42,499
Exclusive,2025-04-20T21:51:39,500
