PaymentID,SubscriptionID,PaymentDate,Amount,PaymentMethod,TransactionID,Currency,PaymentStatus
1,144,2024-05-15T16:29:42,27.232365275106943,Debit Card,02566dcc-a20e-4534-8158-41f00a220ab7,USD,Pending
2,421,2024-05-10T09:57:07,68.71346933819538,Debit Card,452720cc-5171-479b-954f-899a0bdfa0a9,EUR,Failed
3,222,2024-01-04T14:47:28,59.32763345801765,Credit Card,48bd1618-da02-471b-95bf-9def886d93b6,GBP,Failed
4,263,2024-06-07T02:35:23,52.22831131069273,Credit Card,485dc74f-506f-44a0-a574-e84864946909,GBP,Pending
5,37,2024-05-20T05:47:00,72.01650086479678,Debit Card,ce5447a6-2375-42a2-9be1-ae48073db1f9,GBP,Failed
6,79,2024-04-11T11:37:58,21.391833497584855,Debit Card,e847694a-6128-488d-8fe8-58785cfe1466,GBP,Completed
7,185,2024-05-06T12:54:17,62.90265548737643,Debit Card,59d6aaca-c37f-4df2-8d30-d77fe28adb3d,USD,Failed
8,317,2024-02-25T13:08:24,41.00774802970526,Debit Card,d0af6022-75f5-4aaf-9c48-8ded1fb1415b,EUR,Failed
9,465,2023-10-14T00:58:47,32.65070159638036,Debit Card,780bad6e-f7f1-4547-a3d3-b65dae0059b0,EUR,Failed
10,410,2023-12-28T10:50:51,35.98628527454469,Debit Card,83dd851d-e7c8-4e19-9198-b67a6241ce9b,GBP,Pending
11,309,2024-02-11T01:26:12,81.89958468353205,Credit Card,76aa29b9-550a-4aea-a55b-f91825dcc8b6,USD,Failed
12,46,2024-05-22T00:55:31,12.918436680972583,PayPal,801493c1-c8e4-4a58-b669-c7d8f5c91ebe,EUR,Failed
13,236,2024-06-01T21:42:26,13.80090699992512,Credit Card,32d1f60e-ae3b-4458-9386-8fbb0403ae02,EUR,Pending
14,329,2023-11-11T05:07:28,13.532577239365335,PayPal,2b72757b-4f5d-4cb1-b3e4-dbed32cb0f8a,GBP,Completed
15,445,2024-01-26T11:37:53,50.78229375886957,Debit Card,0fb70607-06d9-4493-89d1-82d0e111dd32,EUR,Failed
16,450,2024-03-09T15:29:14,69.33461088770053,PayPal,3982fc0e-57dd-4a1a-ba42-6979b25bafd9,USD,Completed
17,489,2023-12-06T02:42:37,74.84391437065321,PayPal,122c13b5-1fdc-4b36-a390-d6c7fe6ee301,USD,Failed
18,186,2024-04-25T08:11:50,38.263163024063495,PayPal,5c024247-2e2f-4f3a-bf51-82964a7fbc41,EUR,Failed
19,202,2024-04-06T11:16:05,73.26621861508293,Credit Card,32c082f2-6391-4fa5-a5a7-927954e38250,EUR,Completed
20,354,2024-03-29T13:13:38,50.60989185363883,Credit Card,0452ebe9-a3b7-4f61-8d4e-d3add34a3ed3,EUR,Failed
21,383,2024-07-10T16:08:07,61.74589635573434,Credit Card,a3f6aa1c-09c7-43b0-ab07-9ebae336b66c,USD,Completed
22,286,2024-01-09T02:24:32,19.06395781074123,Debit Card,6bf7a619-deb9-45cc-af6a-1c549f311027,USD,Failed
23,474,2023-09-10T17:57:16,98.61684304125015,PayPal,42254a67-1679-4773-a1ba-d733e80daf85,EUR,Pending
24,416,2024-06-20T16:04:42,43.80385019932576,PayPal,0e926320-1516-45ab-b780-fa68d52de421,EUR,Completed
25,494,2024-07-05T07:33:07,55.38055018053141,Credit Card,862138a8-fed2-494e-bca8-835addca97af,EUR,Completed
26,34,2024-07-09T02:45:11,71.29277365907156,Credit Card,958c24a3-2949-40fd-8bc0-79c1ea857830,GBP,Failed
27,9,2024-04-18T18:17:46,75.58955362343438,Credit Card,42d032a6-994a-4e9a-aa11-79d664113a47,EUR,Pending
28,72,2023-12-29T15:04:45,80.52552940566505,PayPal,ff4908f9-ce7f-4822-93fd-4a76b969fe2d,USD,Pending
29,354,2023-11-27T00:14:58,10.366294763966405,Debit Card,f9d1c771-78de-4de2-9e3a-14c78962d72b,USD,Completed
30,208,2024-06-14T02:08:31,62.05054349524872,Debit Card,5c00a355-0068-4df9-ab18-86c83abe840d,USD,Pending
31,48,2024-02-01T20:03:29,97.91341018146133,Debit Card,c8a842a5-4fce-4aca-99b3-5c302124e71e,EUR,Failed
32,139,2023-10-16T21:52:16,73.07041302274143,Credit Card,e3c3577f-f19a-420d-8714-a909c45c8b87,GBP,Failed
33,438,2023-12-08T12:02:31,31.92765200976662,PayPal,6ed14bdc-72a6-42a4-b5cc-321a1bb509d7,GBP,Pending
34,441,2024-03-28T14:26:31,17.19262203441665,Debit Card,9cf4ae45-5bf9-46c4-93fd-37709630ef7b,EUR,Completed
35,130,2024-05-09T10:08:06,70.49426281472151,Credit Card,9bacd573-dd9b-49c9-9b51-1a2784910d49,EUR,Completed
36,346,2024-03-12T18:51:38,15.48461543054895,Credit Card,c1e40615-0b98-4a56-9ee2-783ca06da8ef,EUR,Completed
37,164,2024-07-11T06:08:16,69.91369907813657,Credit Card,48a3adb2-eabc-4729-a9ae-5bab444b76de,EUR,Failed
38,122,2024-05-31T17:59:03,20.343003092370253,PayPal,29712aed-eb61-4c45-b46b-cb1c08591e2f,EUR,Failed
39,405,2023-11-17T04:40:10,35.05991719904848,PayPal,c043ae24-1270-4c61-afc3-b0c93a5daed3,USD,Completed
40,430,2023-12-12T00:15:41,80.44644797431128,Credit Card,21c57794-8d33-402d-adbf-ebb3c2d0bf9c,GBP,Completed
41,318,2023-09-28T05:06:09,23.85871471158022,PayPal,52856eb5-ffcf-43c5-bb92-9815d29e7819,USD,Completed
42,455,2023-11-30T14:34:04,94.51487249400901,Credit Card,613e624a-c1fa-4fe4-86a6-f68a4793e954,GBP,Pending
43,462,2024-04-29T20:40:07,30.73900328519533,PayPal,e1c7ec23-8fe8-47f4-b641-64483ddcf0bd,USD,Pending
44,282,2024-03-01T23:00:16,86.20276023211976,PayPal,48e1d77e-9fec-439d-b641-eab712e8e49c,GBP,Pending
45,392,2023-12-29T05:36:42,14.40684936093738,Debit Card,e56c06ff-a447-4cc6-9064-ccffa15a4d02,EUR,Failed
46,81,2024-05-29T01:27:16,45.515982747083136,PayPal,c4737975-1a39-4dda-8dee-5f4f49ba3733,GBP,Failed
47,493,2024-03-09T01:02:23,25.780981588082287,Debit Card,33ffb93f-6cf3-46b1-8430-43ac00112725,GBP,Completed
48,326,2023-12-05T13:28:29,73.08353263735876,PayPal,c1739f8c-d021-4720-a477-39c8ff659c86,USD,Failed
49,274,2023-11-13T06:49:23,17.246311026164364,PayPal,8e0327c4-2557-4e3d-8e6d-b2fd144e4039,GBP,Failed
50,124,2023-10-14T06:54:26,14.268605534667252,PayPal,ae486aa5-459c-4b9f-9cca-f486cede0c60,GBP,Completed
51,276,2023-08-27T09:18:41,42.100454162218675,PayPal,b34a7db0-5706-4357-9ad3-5da24a5ce0f4,USD,Pending
52,316,2023-09-17T20:21:37,49.564014161285684,Debit Card,3a956bc6-37ad-4d77-aee9-c4f4bf1c90ad,USD,Completed
53,271,2024-06-13T21:12:27,22.618134431455786,Debit Card,c606b4c2-d237-4b7b-80a0-662a93f543f8,EUR,Failed
54,468,2024-07-07T16:05:11,90.02010767465586,Credit Card,4983e3a6-b549-4f38-b851-772cdf6c903c,USD,Pending
55,480,2023-12-31T02:15:52,76.9786754757134,PayPal,4d5a35f7-7f23-4390-b187-88b2093a1f78,USD,Completed
56,409,2023-12-08T12:42:19,35.01356911045278,PayPal,a771a38f-0fea-4a62-bb6f-1ff695686ba5,GBP,Failed
57,228,2023-08-24T15:49:19,13.42868504458835,Credit Card,832d5232-4fba-478e-b623-21a985fc716f,GBP,Pending
58,229,2024-06-24T16:36:21,41.05162972642431,Debit Card,b66cb654-9969-4acc-b59b-8dfe06aae883,GBP,Completed
59,177,2023-09-10T09:01:58,94.20532470141858,Debit Card,7762b4cc-fbff-4445-aa8c-afc741c489ef,GBP,Pending
60,150,2024-01-01T00:46:43,70.68940643206498,PayPal,006965e6-a73e-4cbb-b8e5-bf155733352c,EUR,Completed
61,111,2023-09-23T17:30:19,69.59718086775537,PayPal,7d4e619f-9ae5-4485-be4b-237151b05e04,EUR,Completed
62,441,2024-04-09T00:37:14,22.946823705763727,PayPal,a633836e-86a5-4061-9037-d3bd5662f6e6,EUR,Completed
63,36,2024-06-02T07:22:42,25.15670903815167,PayPal,34207387-7011-40de-b7dd-9e81af69d0d6,EUR,Completed
64,403,2024-03-23T10:03:03,24.813162432515508,PayPal,f75b1f95-39ad-40a7-97f8-afc97d20fe22,GBP,Pending
65,46,2023-08-16T15:39:57,90.80477108278592,PayPal,2f918104-24e3-49da-874f-6ee1ed73d264,USD,Failed
66,122,2023-10-31T12:11:48,48.73103523140195,PayPal,d25ba0b0-1d3d-4a0b-849b-128db9be6938,EUR,Completed
67,110,2024-03-19T15:30:15,91.04940575468149,Debit Card,fee88b31-a6a2-4165-9205-95dbcf1c5d76,GBP,Pending
68,452,2023-12-12T05:48:45,34.07118007245525,PayPal,47c6da2b-96dd-4c13-8329-77b934e9b95e,GBP,Pending
69,215,2024-02-09T18:51:13,75.60888510744937,PayPal,cbb8ea49-5840-4ece-89af-54d6c8e796ee,GBP,Pending
70,132,2024-01-21T18:24:35,78.49270267153506,PayPal,1dfee4cb-bb3d-4c12-b5fd-062a539b4a6c,USD,Pending
71,330,2024-01-16T20:02:23,97.94051428224283,PayPal,ad3fb541-4097-4287-a8f3-a2f12c84a3de,EUR,Pending
72,239,2024-04-22T08:42:57,31.824140116242425,PayPal,adb6b61c-5f73-4ee9-88c5-088da909a27b,USD,Failed
73,439,2023-09-06T07:07:39,36.26398686545133,Debit Card,2cb9d891-d151-45e8-a36a-9c0f2505568e,GBP,Failed
74,156,2023-11-24T13:39:01,79.63147656869238,PayPal,0ee43426-d16d-4d7e-9365-b725309587db,GBP,Pending
75,224,2024-07-03T03:07:44,63.13072088707327,Credit Card,9a12f492-4f31-4d7d-8dbd-dbcba5b99685,GBP,Failed
76,265,2024-02-18T21:23:44,95.29497766068539,Debit Card,90a06c12-45fb-4f4f-84e5-823973266f60,EUR,Completed
77,189,2024-01-07T05:18:55,79.1252730806919,Debit Card,fe98afd6-3751-443c-b712-088d3134f01c,USD,Pending
78,213,2024-03-24T06:44:40,68.36891126069129,Credit Card,f626f07f-997e-4a41-b393-12bffc359663,GBP,Completed
79,85,2023-11-10T12:21:49,91.9729669357322,Credit Card,5dc524bd-d89c-4b24-ae5c-133f9f09ac40,GBP,Completed
80,193,2024-05-01T03:56:52,25.646175500136025,Debit Card,0edd81d1-d44f-481d-b28d-b8a7a97ee45a,GBP,Failed
81,230,2024-05-04T14:45:16,28.001688332799322,Debit Card,0889fb79-5460-44bd-92c3-701217e5bd4f,GBP,Pending
82,292,2024-07-11T23:53:07,69.3584838977207,Debit Card,513f5084-fde8-4451-a314-b4bf1fdbff4f,USD,Pending
83,290,2024-07-23T00:19:39,38.250848509377676,PayPal,ec9fdbc0-f7bd-42d6-bd39-6dd2d4a0a82a,EUR,Completed
84,493,2024-02-26T17:41:24,79.45893998793005,Debit Card,97c4b5db-ae19-4cfd-add1-42a76e623ec3,USD,Failed
85,420,2024-02-06T08:20:58,80.84885231225024,PayPal,78064cb8-3aa0-472e-bf1c-dbe163b59ebc,EUR,Pending
86,334,2024-05-29T10:41:19,33.08601951254628,Debit Card,eb75192b-1f08-4a69-bd05-2a16e52f9634,USD,Completed
87,118,2024-03-04T04:13:54,14.724983536201815,PayPal,f0665154-47b8-4142-81be-a0f37ad67012,GBP,Failed
88,163,2024-05-02T02:55:42,10.237010580808674,Debit Card,6dea2379-4c41-446a-a3e6-2cb35da5b259,EUR,Pending
89,45,2024-08-04T05:31:49,86.89037696195473,Debit Card,765cad05-ca72-4463-8264-423fb1366a3b,GBP,Completed
90,430,2023-12-31T00:44:20,88.03832225516335,Debit Card,34c8ccd4-6f3e-4822-98ea-e301adc7a348,GBP,Failed
91,63,2023-08-28T04:19:01,63.87312819360532,Credit Card,ab8adbd4-6c01-4cbb-a9f2-d766a53a27f4,EUR,Completed
92,48,2023-08-20T13:43:37,41.8331104485641,Credit Card,ee75a77f-cecc-4921-b1a3-ed2773a6a756,EUR,Pending
93,445,2024-07-08T17:29:21,37.475338549998334,Debit Card,952d2f7f-47bb-4c8f-94fa-55d0a41a9004,USD,Pending
94,186,2023-12-15T20:22:34,78.66304111142283,PayPal,79a1b29a-d441-4ef2-9e59-89ef3a098221,GBP,Failed
95,382,2024-02-04T15:47:53,99.16051849687972,PayPal,44fa28f9-5e3b-4262-8a49-944dcf8f700e,GBP,Failed
96,208,2023-08-17T16:00:33,80.48376941788663,PayPal,809ea0aa-571c-4bbd-b949-3cf53714734c,USD,Pending
97,96,2024-03-03T00:59:43,44.386655191576736,PayPal,4910881f-9c1f-4cc8-9287-6af0db0be267,GBP,Failed
98,421,2024-04-09T05:51:24,35.553466125509956,Credit Card,eef59362-1246-47f2-a498-0f0489fc1375,GBP,Completed
99,360,2023-11-25T00:26:18,82.85647077329318,PayPal,62f9297e-6866-46cc-8ddf-6bbb4758ddad,EUR,Completed
100,203,2024-02-04T07:11:31,32.2202278382355,Credit Card,fef075a9-deea-4209-acbb-76c37ad641b1,GBP,Pending
101,215,2023-11-24T01:43:56,37.4769263784755,Credit Card,351f7cd4-a23a-41c1-a07a-77c81a4fc5ed,USD,Failed
102,398,2023-11-14T09:49:48,78.76845846163951,Credit Card,71211c4f-8189-4ce2-ad44-e81b6f317ed1,USD,Pending
103,469,2024-04-01T10:35:35,97.67663211374979,Debit Card,cab582ef-20e3-48a4-bd5e-15e8df78fb48,GBP,Completed
104,45,2024-03-06T01:07:31,32.70573062487867,Debit Card,5d9829b1-230e-484f-bd7e-8b11ff17cd0e,GBP,Failed
105,182,2024-02-01T07:15:38,73.17464644195032,Debit Card,e1fef968-8f7b-4fc1-9f83-5f11a29471af,GBP,Completed
106,15,2024-06-10T07:34:55,24.635881144954585,Credit Card,878f1001-08ef-4661-902a-73f84ae93e22,EUR,Completed
107,151,2024-04-09T12:46:24,65.96615110095266,Debit Card,fe2e8b2a-7d61-45a1-be7b-4f8f8c1832f5,USD,Completed
108,188,2023-11-24T11:52:16,68.39208833786671,PayPal,306d6a05-471d-459a-9059-7236c72a3315,EUR,Pending
109,368,2024-04-29T18:31:03,64.44903258721541,Credit Card,bfa6508d-2af5-4597-b2e1-873cc91dd7d9,USD,Completed
110,294,2024-05-11T09:11:30,45.742386453408635,Credit Card,249d75bd-d3ff-40cb-b9d9-f9d72c122003,USD,Pending
111,437,2024-07-24T14:35:54,96.9682839740064,Credit Card,359313da-55a8-4647-bbe5-c527eabdcc30,USD,Failed
112,495,2024-04-26T00:35:29,19.1210339465513,Debit Card,f8045548-7e8d-4b7b-a209-2c3b067adaf5,USD,Failed
113,123,2024-05-09T21:12:31,34.12427374854284,Credit Card,11d9acd1-2d0d-4ffa-9f5d-b386d326e01f,GBP,Completed
114,8,2024-08-10T16:39:11,65.41890149225907,Debit Card,c173192c-d998-4c99-a437-704783ed7b25,EUR,Completed
115,216,2023-10-01T14:46:42,53.51886565235038,PayPal,34faa674-41e1-4d1a-9d2c-9f132b3ff677,EUR,Pending
116,484,2024-02-08T02:57:52,40.9097336376262,PayPal,e782ec46-20d5-4405-a116-b1aa2b8cfce8,USD,Pending
117,120,2023-09-17T21:24:10,25.864219166397824,Debit Card,4858b191-bc11-4477-9dc9-666be95df072,USD,Pending
118,390,2024-07-08T21:56:27,55.95039243424376,PayPal,ec9fa3bd-4d25-4b5e-9619-5be20eb4c241,USD,Pending
119,51,2023-10-15T18:26:54,99.9976577569545,Debit Card,5019f46c-d05b-4481-ae0c-7b159726687b,EUR,Pending
120,117,2024-01-28T15:03:24,91.8764674509992,Debit Card,edbd0148-e6e0-4d02-9a7e-b41407bc835e,GBP,Completed
121,77,2024-06-02T13:26:05,71.33307732852916,Debit Card,04fde1e2-b870-4d6b-807f-aec0de135c8d,EUR,Completed
122,453,2024-03-17T17:27:47,57.18786128768921,Credit Card,28715afc-b204-41ed-8ab0-eb868418293d,GBP,Failed
123,109,2023-10-22T20:13:56,54.74843367383907,Credit Card,eb920b93-8bec-4b2f-80a5-41000031fc94,USD,Pending
124,225,2023-12-11T03:53:09,95.84532067238075,Debit Card,1d10a2a6-5fb0-4837-b7de-ef8d9882fbbe,EUR,Completed
125,390,2024-07-09T04:14:56,27.452385313480544,Debit Card,c66b21e7-bbbf-4be8-b708-74c1288bbd2e,GBP,Pending
126,461,2024-06-22T03:06:10,97.42783436604842,Credit Card,894faf3f-1269-44d1-86d9-b3085a4cfbc5,GBP,Completed
127,269,2023-10-23T20:11:12,24.10412631829156,PayPal,37c2aaf7-f674-45bc-960c-2c3a1f4b62cd,GBP,Failed
128,313,2024-03-16T11:04:40,54.20366726637313,PayPal,3b3a12f1-325e-4bc4-ad1a-42ff4cf5b66c,EUR,Pending
129,210,2024-08-03T11:33:37,90.45995395653996,Credit Card,2784c9c8-5958-4dcd-a8e4-58356101e9c9,USD,Pending
130,447,2023-12-14T20:50:42,83.45609339315669,PayPal,32a0a764-b81d-4474-9db4-8ff58a853a87,GBP,Completed
131,464,2024-04-12T04:38:03,94.68726476424763,Credit Card,c8a2b7ac-71c0-439f-83f2-90e72ec3bf2f,EUR,Pending
132,120,2024-03-30T04:58:50,46.16890290819601,PayPal,95aeeae4-c901-48fc-b32a-935a47d0a424,GBP,Completed
133,63,2024-08-02T19:39:36,34.42472905374039,Debit Card,950d820c-c17b-43cd-8f20-7cc9d5c1f30f,USD,Pending
134,277,2023-10-25T18:02:49,95.62963260782409,Debit Card,453f3492-0e4a-4b39-9474-87032263cfde,GBP,Pending
135,144,2024-07-03T03:32:44,97.83231133130147,PayPal,3c8ea071-21fa-45cb-8499-2958b03f04d0,USD,Completed
136,276,2024-08-13T12:04:53,92.23582862875912,PayPal,a1d5c1ef-0525-4787-b9a3-1a6b87602a85,GBP,Completed
137,472,2024-07-29T04:42:47,45.59710876933975,Debit Card,500febd6-9bb5-404e-b15c-c9b02fa03139,EUR,Pending
138,487,2024-04-18T01:35:43,12.417345152905094,PayPal,b88d003d-4001-40fc-92dc-adaf3c40d6f6,EUR,Failed
139,132,2024-08-03T18:15:17,81.86215515314112,PayPal,dc270e52-e85c-4053-bbde-f331fb440c95,EUR,Pending
140,401,2023-12-29T17:52:15,59.66876177381374,PayPal,a7363ccc-7270-4bc8-ab74-b1cd552e1aac,EUR,Completed
141,313,2023-09-13T10:35:59,10.57998631021154,Credit Card,bbc1165c-3991-42e0-aea4-e8684a25041c,GBP,Completed
142,254,2024-04-22T21:18:08,53.745256930000664,PayPal,97964110-59d9-4a54-bbbb-91f0b9e2755f,GBP,Pending
143,376,2023-08-15T19:47:08,96.18214694011529,Debit Card,023753f5-5ade-4095-b662-00eec34c1410,EUR,Pending
144,65,2024-01-15T12:46:14,48.00245875200332,Credit Card,daff1115-0026-4c38-a235-0555c61d8c3e,GBP,Completed
145,345,2023-10-29T03:25:26,54.49051618285994,PayPal,ec08563a-e18f-4517-a6e8-4d73350f756d,USD,Failed
146,170,2023-09-14T17:39:04,20.445438079543813,PayPal,eb131703-7bd7-4bdd-937c-14bf196ee33f,USD,Pending
147,27,2023-10-19T04:12:11,17.08980975529022,Debit Card,1ebb9260-4a8f-4e52-bc4c-5d8b445ed51b,EUR,Completed
148,86,2024-06-25T15:22:20,69.47122811937625,Credit Card,8f0f0b1c-4961-459b-b5d3-4d6c96388415,EUR,Pending
149,51,2024-03-24T07:36:37,60.41283599433525,Credit Card,b5db5844-14d7-48ed-8a5b-7fb43ef5acb4,EUR,Pending
150,459,2024-07-25T16:36:07,32.288628308452765,Debit Card,d667e15d-e0ee-40cd-9a38-dfed4773b73f,EUR,Pending
151,153,2024-02-29T19:34:34,64.01382829756423,PayPal,dc347417-4c69-47a6-ae45-2c1b2d04267d,EUR,Completed
152,142,2024-03-25T00:49:59,86.738210952604,Credit Card,ae6331f4-9721-4926-8aaf-4da57a7381ff,USD,Pending
153,447,2024-07-26T11:11:12,39.23131350333094,Credit Card,922b8e35-9838-40ed-afe8-dc0f7a6a14a3,USD,Completed
154,265,2023-09-11T11:33:30,19.84860433021438,Debit Card,ede808bb-ab48-4815-bebd-a8a997959c15,USD,Completed
155,482,2024-01-27T12:14:33,43.05205963332592,Credit Card,2740d4bb-e086-4142-bcb6-e7e60c4b812c,EUR,Failed
156,335,2024-02-02T12:17:25,90.87724492920982,Credit Card,2cba1e22-5701-4437-bea2-593121b3cdca,USD,Pending
157,430,2024-06-23T20:26:46,34.943914253745696,Debit Card,29945502-7b9b-400e-937d-5f7f7ec7e8a1,USD,Failed
158,316,2023-12-08T13:43:08,28.912038994836085,Credit Card,034a4275-8c7a-49df-98c6-b095f4e06a52,EUR,Pending
159,325,2023-12-12T08:05:53,65.08244224717673,Credit Card,c4ec131a-decc-4242-bab3-00f252c51d1b,GBP,Completed
160,298,2024-01-25T22:20:12,48.071931667914576,Credit Card,60ff7748-6d4d-4d76-8129-815443299c9f,EUR,Completed
161,195,2023-08-22T18:00:33,27.48182320853933,PayPal,ad360900-e801-478c-99cd-c83d0472e4ab,USD,Completed
162,257,2024-04-13T18:21:50,19.734748905855092,PayPal,a239ecad-cbe0-42c8-8153-51a456636139,USD,Failed
163,38,2023-08-29T10:53:47,39.790376970312934,Credit Card,37397e3f-3d16-40ea-80a4-6b60fbf6ff2a,EUR,Failed
164,458,2023-11-05T03:47:02,95.87550353340698,Debit Card,f328107f-6a60-4c21-9993-0ccb8ab8e040,GBP,Failed
165,390,2024-02-03T22:10:18,21.882831152968144,Debit Card,ef824d4c-d47c-4cde-8e80-99da61545e2b,GBP,Failed
166,467,2023-11-07T22:48:34,41.907918354573354,Debit Card,13519ebc-353b-448f-8c99-b50a7bf8c669,USD,Completed
167,315,2024-02-19T06:26:47,47.08733388742644,Debit Card,4edf6f95-2761-4f66-a30a-16b8449a9a20,USD,Failed
168,409,2023-09-10T08:23:32,78.17123848579058,PayPal,78e2e8bc-7586-4396-a86f-e7cd69f62032,GBP,Pending
169,494,2024-01-18T03:25:06,70.17260614642574,Credit Card,d62c5e9e-c9ed-47c8-be91-60de0d9cf581,EUR,Failed
170,96,2024-01-09T22:35:31,72.45542010199773,PayPal,bb4d8be6-c3e2-4972-9c30-6aa303d81f11,GBP,Completed
171,413,2023-09-19T12:42:27,23.705611921218722,PayPal,fb8b1787-fa1f-473a-88b1-174cefd98d1c,EUR,Completed
172,443,2023-09-20T12:27:52,35.394787268683174,Credit Card,7615bc0e-884c-4a10-b443-140bb9f4b57e,USD,Completed
173,115,2024-03-09T03:35:39,62.57299772110614,Debit Card,e7b7386f-085e-4c95-8c56-7c9e033f0ac7,GBP,Failed
174,21,2023-10-29T12:30:56,22.72722713506517,Credit Card,3782a3e1-d6b0-4dc6-a1f2-304594b25bcf,USD,Completed
175,350,2024-04-17T11:42:46,83.86852210085864,Credit Card,d8cba92c-3f98-4830-bbc3-55536c88de69,USD,Completed
176,363,2023-09-07T22:38:42,29.507939493672733,Credit Card,3dee5a37-e2b3-406e-a6be-9b0b41ac68ac,EUR,Completed
177,350,2023-09-11T05:37:25,87.14423042916802,PayPal,8e0473ac-d1be-4c94-9216-f18c719ebaf1,GBP,Pending
178,88,2024-07-22T10:27:04,57.413000212265295,PayPal,72a8e153-d904-416c-819f-6971c6fb7548,USD,Failed
179,484,2024-05-12T09:17:24,47.07239225531695,Credit Card,0b4ad34c-5271-48ce-b366-1da481a6e547,USD,Pending
180,391,2024-06-19T16:15:27,21.28140510443356,Debit Card,0c6d361d-f89f-49ae-a3a4-8486f9243427,EUR,Pending
181,316,2024-03-31T10:08:38,35.3988855370945,PayPal,4713fbf3-453b-4f1b-9082-d2f7a55deb70,GBP,Failed
182,164,2024-03-19T21:48:10,97.93048977609193,Credit Card,200bd744-0418-4cc1-bbfe-8a20dd702aee,GBP,Failed
183,114,2024-06-24T06:11:54,55.026725940474925,PayPal,3293a851-f78b-4859-880c-ff4ad69ffcbc,GBP,Failed
184,182,2024-01-09T19:48:22,61.11557109610672,Credit Card,af78de1b-9f27-45af-922d-fcd90b0aabd0,GBP,Pending
185,243,2024-05-20T18:47:47,68.48694084830505,Debit Card,cb856717-d12b-4b0d-955e-893e5715f86f,GBP,Completed
186,251,2023-09-22T05:20:30,90.3362116154835,Credit Card,5daf05e7-f00a-4f10-8a4a-145b5001b0c0,USD,Failed
187,53,2023-09-04T20:23:53,36.94674176185033,Debit Card,2e35d457-9ef7-447c-b069-f8bdfaebfbae,GBP,Completed
188,319,2023-10-03T02:28:01,87.89688934584483,Credit Card,73b06040-3a27-4c97-ac94-907e960c8ed1,GBP,Completed
189,99,2024-04-25T07:16:00,36.03185042399784,PayPal,9869d219-a6d1-4be7-96fb-677ec575bbb6,EUR,Pending
190,206,2024-06-24T12:02:28,62.53988563404298,PayPal,9629d2de-a67a-43d5-9660-ad47692428f1,GBP,Pending
191,180,2023-09-20T18:58:27,97.58114101535529,PayPal,8c34511f-7645-4f4d-9695-fd3cdd652655,USD,Completed
192,467,2023-11-11T06:22:31,20.92614631816324,Credit Card,a446b529-7d59-47f2-991e-511bd697d98e,GBP,Pending
193,136,2023-11-13T12:48:14,33.05763273208585,PayPal,7ff1906d-860b-4fda-8273-1071763883e2,USD,Completed
194,174,2023-10-13T14:34:44,78.62115134387945,Credit Card,69e2d808-978f-4923-a769-b4b422d9fa3b,USD,Completed
195,180,2024-04-22T17:37:14,14.354918036533938,PayPal,e099f8c4-6ed4-4361-9509-fae8efff66dc,EUR,Completed
196,192,2023-09-21T16:23:13,65.2795464400871,Debit Card,4279cf66-b8d5-46e1-bd21-f42d345bfa4d,GBP,Pending
197,158,2024-07-11T19:36:11,45.81499977691654,Debit Card,b4633170-201a-4169-b462-650870a42df1,EUR,Failed
198,124,2023-11-04T10:31:47,68.71442035013929,Debit Card,584191f1-d746-47fb-8308-fbe9d7d226c9,EUR,Failed
199,454,2023-12-26T01:33:19,96.88502729884559,Debit Card,0f6ef858-4701-44f0-a55c-70feea0d86fe,EUR,Failed
200,242,2024-03-13T11:45:06,39.513087411689106,Debit Card,b6e3b391-e46b-4934-80a6-953cbcfe11fd,USD,Pending
201,333,2024-05-03T13:05:23,23.43337970013294,PayPal,e6e3c0e9-a1db-4a9e-9464-95548af4785e,USD,Completed
202,438,2023-09-25T08:15:45,98.2103357100126,Debit Card,252cc926-d8fb-4d1e-811f-cc2b2e879f2f,EUR,Failed
203,87,2024-06-21T17:42:33,56.17400078657768,Debit Card,cc998515-7253-41e5-9296-487bbc78492b,USD,Failed
204,42,2024-03-25T06:06:43,32.99132013994671,Debit Card,4b1c28cc-2346-4b6a-af00-3f89c40eb6f0,GBP,Pending
205,210,2023-09-12T15:55:19,25.9929403745756,Debit Card,48a96816-2a5b-4d6b-90b2-0a474aa7c759,USD,Pending
206,228,2024-01-21T22:31:30,83.4561438750689,PayPal,18e0e838-737e-4da2-acb3-5d2fda48b726,USD,Pending
207,334,2023-09-07T00:18:17,17.08157885904681,Credit Card,6a8765ab-0549-4599-a5f7-e4bb62ceaf03,EUR,Failed
208,282,2024-05-01T23:38:11,63.41224670906002,PayPal,d42af0e7-9a7f-480a-aff4-451cbc797ecd,GBP,Pending
209,295,2023-08-29T10:20:42,84.94884106246924,PayPal,8c931a04-0273-444d-b610-6f5277fd994d,EUR,Failed
210,351,2023-09-19T00:19:23,21.187954625067285,Debit Card,88679b8f-2a40-4b8f-8ba6-608c9c2e964b,USD,Failed
211,373,2024-08-13T03:12:28,33.16363611493887,PayPal,cecf81cf-f4e8-4af5-baf3-8a9a410a82f9,USD,Completed
212,42,2024-01-04T23:12:30,32.371928487545375,Credit Card,87f45381-cbdb-41ca-90fa-5fc3654e6b2c,USD,Completed
213,66,2023-11-04T02:38:14,65.0733701099747,Debit Card,2c7961ef-a4a4-4ad4-b226-040d62eddc32,USD,Failed
214,278,2024-05-09T11:22:07,71.47966885102022,PayPal,75b5b971-8627-4dd6-a26d-0a9e63832fdb,EUR,Completed
215,229,2024-06-04T13:44:38,54.05515687775944,Debit Card,88b3a017-9ddf-4cce-87a6-e433aed19f76,USD,Failed
216,291,2023-09-02T18:42:16,39.87815846226636,PayPal,0b19e46c-1472-44e6-a74d-66af320e03d3,GBP,Pending
217,314,2023-08-25T06:27:52,23.723396156827896,PayPal,faaae666-44a1-4603-aac1-5cca6ceba957,USD,Failed
218,137,2024-04-16T18:44:14,75.21698289152461,PayPal,9f79c9d2-8274-4f78-aa4a-4de8e9ed7623,USD,Failed
219,155,2024-03-17T05:41:39,52.27138231341003,Debit Card,6a6c8244-7cdf-461e-847e-bdb96993ab95,EUR,Completed
220,385,2024-05-02T05:53:41,18.198786732570888,Debit Card,928eddce-1e6d-444e-93a8-47bc961f9aab,GBP,Completed
221,3,2024-04-10T11:21:16,79.31447754116245,Debit Card,04f24127-b49a-4b05-9e45-d128813c2c97,GBP,Pending
222,273,2024-02-05T16:30:14,29.27052303818825,PayPal,1fe435d7-74b9-4768-a68a-47abbddfc05d,USD,Pending
223,208,2024-08-03T15:32:11,34.20191189825741,PayPal,e302789b-88a8-4630-98eb-6c36ea1f3039,USD,Failed
224,473,2024-03-30T04:30:53,53.64873810249215,Credit Card,25f2e199-36e2-4196-a2ca-1b5b8c10afad,EUR,Completed
225,123,2024-06-03T23:45:20,10.894383788971734,Credit Card,07670b5f-c264-486a-8731-691f4809b186,EUR,Failed
226,25,2024-04-09T16:55:06,76.02222934686867,Debit Card,5e44d5c1-f3a0-4eb8-b1da-60af3c6018e8,USD,Pending
227,482,2023-10-08T07:08:11,12.74291134167863,PayPal,838decb3-7051-4372-b0eb-9e0d5c9f43ac,USD,Failed
228,67,2024-05-06T21:18:22,23.24366743536721,PayPal,81a2bc42-8ffb-4816-a8f5-0cf8605e7aa9,GBP,Pending
229,7,2024-08-01T07:09:25,18.588147894384406,Credit Card,b382935a-987d-4f8f-9ac9-4f3fe54f1f0c,USD,Pending
230,376,2023-08-24T21:37:24,38.131130956292594,Debit Card,befde8b9-4c93-4b42-992e-0de42b5b713e,GBP,Pending
231,446,2023-11-16T19:53:44,25.058825092033263,Debit Card,2b3c7c20-3204-41d0-bd53-5453425e2183,USD,Pending
232,305,2024-05-04T12:44:20,22.053127368234875,Credit Card,0f2c3254-a62e-465f-be56-b696e1252fcb,EUR,Failed
233,471,2023-10-18T23:00:14,97.80536203595153,PayPal,494b3a66-9175-46f1-8592-10ee812c0cda,EUR,Completed
234,217,2023-10-28T13:05:06,21.913589435983397,Debit Card,06604cdc-2024-4f55-8a48-9511de494d8d,GBP,Failed
235,448,2023-11-14T10:29:57,11.908930836753456,Debit Card,d09a528c-1cca-4bad-881c-bce0e8bb2b12,EUR,Pending
236,103,2024-07-06T03:26:59,86.0257178640789,Debit Card,e54843aa-5b71-4c7d-83a0-247b7ca854e2,GBP,Pending
237,387,2023-09-12T17:57:37,53.8122424453811,Credit Card,3542b331-9121-4a48-948c-6b1f25d22b73,EUR,Pending
238,176,2023-12-28T15:01:10,53.457759174277356,Credit Card,e973be29-1aad-479a-8a27-827fe3850d68,USD,Completed
239,176,2024-03-29T13:35:45,41.06400412720579,PayPal,82c513a4-2f47-41cf-92a7-2a780ca41020,EUR,Failed
240,155,2023-10-11T13:02:50,22.448398051701044,Debit Card,965c94ab-2a9e-4f27-bcdd-746f445c703e,EUR,Pending
241,110,2023-09-23T00:56:19,67.5157781856427,PayPal,f4eb6513-b743-48be-a25b-246b9826b933,USD,Pending
242,309,2024-06-16T18:46:36,37.43966780577466,Credit Card,bb0cc335-0eb2-445d-a2c6-eed7faf6ff8c,EUR,Failed
243,9,2024-01-30T21:36:32,31.892301444373537,Debit Card,9b015b12-2bfd-442d-8fa7-acffacdca129,USD,Completed
244,59,2023-10-26T03:36:35,86.65086299692058,PayPal,10087be8-9f43-484e-8b84-b6cf8dc59bf6,GBP,Failed
245,393,2024-04-25T22:38:50,87.62352786455797,Credit Card,05125daa-6031-4772-a568-bef462a9c9ed,GBP,Pending
246,180,2024-03-08T03:23:19,76.38862143286254,Debit Card,e01e2a0f-8103-4c3a-b728-a5c39ce50440,GBP,Completed
247,417,2024-04-05T01:00:59,35.46084845782679,Debit Card,32c1048f-452d-47cb-85ba-30b6e14b852a,GBP,Pending
248,105,2024-01-19T11:51:09,71.83309983183716,PayPal,11c306a8-de64-4ba1-81c0-956859d1f9fe,USD,Pending
249,387,2024-02-20T00:55:48,18.694022538616725,Credit Card,00ed4d1d-2fa3-4436-8126-e4bd91145e75,GBP,Failed
250,93,2023-10-22T16:57:03,48.744567500129584,Credit Card,9d383407-4e0d-446a-bf1d-bed2b8cbec04,GBP,Completed
251,225,2024-06-11T07:15:57,60.30249648461482,Credit Card,556b1e46-7c14-4c4a-a8e6-53c038c96b48,EUR,Pending
252,409,2023-09-28T09:44:01,80.81334048502059,Debit Card,ac1e3f2e-154b-4214-bed7-9ba45859635b,EUR,Completed
253,372,2024-06-26T18:08:08,15.605907338173964,Credit Card,195be84b-a22f-49ab-ba44-3ac260536c36,EUR,Failed
254,360,2024-01-03T10:39:12,78.90402784481107,Credit Card,f905a946-6a90-484c-858f-fb5a46f9dcb4,EUR,Failed
255,329,2024-03-13T08:09:43,34.31276632332407,Debit Card,8cbb4c14-def5-49eb-89cd-fd93955f4b88,USD,Completed
256,108,2024-03-31T00:10:46,69.28045335151985,PayPal,5b6469e7-8a07-493b-b7b7-9d483401786e,USD,Pending
257,16,2024-05-08T00:27:05,23.342726282149897,Credit Card,e6db2b5f-8e9f-4d17-bd60-01d27cbc68f5,GBP,Pending
258,430,2024-05-19T00:36:40,67.4868549847821,Debit Card,f2b84e91-5912-410f-aae7-37c0279c6fbd,USD,Completed
259,177,2024-05-22T22:30:59,24.59443714535216,Debit Card,b94a0c18-9ade-4d96-8410-1a5780dd7251,GBP,Pending
260,209,2024-02-24T18:51:09,62.80348229177849,Debit Card,17062cbb-9990-4ef2-8544-f3035efb8d09,GBP,Failed
261,402,2024-06-07T03:42:57,10.833453186026397,PayPal,e6132ee9-e326-42c9-a117-8cd2fea20b28,EUR,Failed
262,266,2024-01-19T13:33:38,31.932172358604106,PayPal,bd7d6cc8-a379-4b0f-91fb-eb52793ec70b,EUR,Completed
263,457,2024-02-03T17:46:08,45.77230772041978,Credit Card,b5ba7a98-650b-4c34-b457-a12f4733c660,EUR,Failed
264,412,2023-11-08T22:38:24,36.42015376044277,PayPal,9869b60c-5f24-45da-85c1-fee9fb7a26ed,EUR,Pending
265,331,2024-02-13T08:50:17,32.48772751369096,Credit Card,911cde47-96be-425d-8ed7-3d304aa17cda,USD,Pending
266,299,2024-07-27T21:39:06,36.070878803178445,Debit Card,fb7ab3ac-3fb0-41b6-a06d-3fd5f1de8fca,EUR,Pending
267,173,2023-10-06T11:30:09,20.076615481983882,PayPal,80e07c75-10e7-4369-a42f-7bfb7e80ab67,USD,Failed
268,32,2024-08-10T00:19:46,13.121769475498391,PayPal,afd4d081-90f1-4750-b093-9284af79a895,EUR,Failed
269,300,2024-04-01T07:32:05,48.22655912263499,Credit Card,1b67c22c-e832-4af0-bbfb-40548d8a279a,USD,Pending
270,497,2023-08-31T05:44:46,37.7715592998886,PayPal,183f3f97-d42d-495e-b537-23c69fc314f3,GBP,Failed
271,150,2023-09-21T11:54:10,98.1963870745292,PayPal,94688f80-c37a-42fa-af57-49ba2ab90f7a,GBP,Completed
272,195,2024-01-27T11:25:39,46.099559440404825,PayPal,de205147-f05c-452d-a251-e4a6f8f7e20b,USD,Failed
273,491,2023-10-27T11:07:30,43.6519146820999,Debit Card,b415e01f-2db2-403f-a85d-8fefbb41fe5a,USD,Pending
274,259,2024-05-07T06:09:36,77.82860577368474,Debit Card,eb406276-78a8-4a8f-b2c9-c59d8433bd91,USD,Failed
275,46,2023-09-21T05:11:06,80.79800345509554,Debit Card,3d20c5af-eb73-4869-b3a2-edf983291c9a,EUR,Pending
276,94,2024-02-11T00:20:00,12.464879231028588,Debit Card,591283c5-13f0-4095-ae89-e6fc1f41d757,GBP,Pending
277,204,2024-03-27T15:35:05,55.41727170838465,Debit Card,e432a471-c060-4f77-94ff-11e74a6d01a6,USD,Completed
278,444,2023-09-03T05:36:51,65.1446923691793,Debit Card,a37425be-fc06-4807-8587-44745428449a,GBP,Completed
279,154,2024-06-18T07:56:49,34.0112062427588,Credit Card,71b8dc1e-2a20-4d0d-8f26-f566b99ce262,EUR,Failed
280,240,2023-08-20T02:44:03,76.63653061267763,Credit Card,51b971c6-b92d-4e9d-a3d4-ecfbe49de1b3,GBP,Pending
281,330,2023-08-15T13:34:10,68.64735217350339,Debit Card,26492c8c-2bf6-4940-bbc8-e4a65363a2ca,USD,Completed
282,400,2024-04-24T19:31:08,62.93305016257422,Debit Card,94b31e42-7d8a-4208-b3e3-fb075eb40cfa,USD,Completed
283,489,2024-02-18T21:49:32,54.59720867086035,Credit Card,8ce659eb-1ed6-4cd6-af3b-adcacba21853,GBP,Failed
284,231,2024-07-01T11:04:59,36.1534821605576,Debit Card,8bdb76ba-3030-41c9-af6a-85cca431cf2a,USD,Failed
285,434,2023-12-12T12:36:45,27.58918498684708,Debit Card,0d79deec-eee5-4ae7-bc77-079f0736450d,GBP,Failed
286,488,2024-03-25T13:05:43,64.94225204888355,Credit Card,001a300c-0669-440d-8e14-a17559f3ff39,GBP,Failed
287,272,2023-10-02T08:29:32,40.58286105292065,PayPal,54723711-7d6c-495b-b305-e414baea268f,USD,Failed
288,348,2024-05-23T23:48:06,67.02397093001626,PayPal,6e90cce5-f1a2-4831-a4df-dbad8b584adf,EUR,Pending
289,102,2024-03-05T07:55:35,86.57736797905531,Debit Card,87afa741-af31-456c-9831-ba7a1e0e4699,USD,Completed
290,244,2024-04-19T21:09:07,85.08999926736969,Debit Card,9a375275-dca5-4269-a71a-de94ccdd3208,EUR,Completed
291,244,2024-06-19T09:17:25,80.9338165090693,Debit Card,4b3d68a3-5f0e-4271-8038-07f855d8d73d,GBP,Completed
292,374,2024-06-13T06:30:06,60.049030845089874,Credit Card,faca4d4c-9846-481d-a04f-b89156a374ba,GBP,Failed
293,233,2024-04-13T12:50:11,64.4367137445896,Debit Card,915aeea3-257f-4872-8847-2a75a7530316,GBP,Pending
294,207,2024-07-15T06:43:14,94.1679785219587,PayPal,443002b2-5fdf-4540-94fa-801057f2d880,GBP,Failed
295,260,2023-11-13T22:26:42,41.94923348076105,Credit Card,9eb3c85e-f6db-40d8-a5ba-5a6ae65e1a15,GBP,Completed
296,117,2024-03-26T09:44:57,62.21261399301315,Credit Card,53e4c848-254b-46ea-a057-d1f1f1d07335,EUR,Pending
297,216,2024-01-26T05:08:06,17.93984638918033,PayPal,6145bf51-b529-4d6e-9fad-e4eeb5edb2fb,GBP,Failed
298,132,2024-07-26T09:51:48,88.83562497547764,Debit Card,645a78fd-01fb-4f5c-8761-072f6bb4bafd,EUR,Completed
299,205,2023-09-03T19:40:37,44.029188995315074,PayPal,94d9d61d-c281-4d23-a288-0c27a2166792,USD,Completed
300,328,2024-07-19T15:30:21,54.702904216595904,Debit Card,d83d8cfe-11e5-45ae-b52b-dd8b63e99b31,EUR,Failed
301,71,2024-07-01T14:11:54,18.378243574202518,PayPal,8827ed7b-725a-44b9-ad46-6f78a20642df,EUR,Pending
302,293,2024-03-12T00:09:26,11.823379895132405,PayPal,0b13d198-ef95-40f2-badc-5bcc3e15bad1,EUR,Completed
303,160,2024-01-24T08:36:04,42.10837748915993,Debit Card,6cdae908-1471-40bd-97a4-a6cd2b0f19f0,GBP,Pending
304,370,2023-12-27T02:18:47,29.638813152773473,PayPal,ce13a6de-84b1-48e2-ba76-ed1531ef9477,USD,Pending
305,133,2024-01-12T09:09:29,95.46391642933891,Credit Card,49a7bb5e-e7c5-4cde-962d-8cb385334991,EUR,Pending
306,487,2023-09-24T22:36:47,37.71324622705683,Debit Card,34efdf16-d652-4292-a8db-519b768be73f,EUR,Completed
307,59,2023-12-04T05:14:53,77.19469488906458,Credit Card,f9bde3ad-4138-4b80-8cc1-02f7e77c4028,GBP,Failed
308,457,2024-04-06T15:15:10,90.65926453696402,Credit Card,b73d4d10-b366-4ccf-8067-ae119c6d36d4,EUR,Pending
309,130,2023-10-21T16:50:42,91.36086440752207,Credit Card,3b3eec1a-e0a6-4b51-8530-b3da7dab7a50,EUR,Failed
310,76,2024-08-09T23:08:43,44.59822074275108,PayPal,80eb0e5a-7300-4431-b08b-b9ca8efd7924,GBP,Failed
311,487,2024-07-17T14:09:37,48.857499175327256,Debit Card,96827567-5779-48dd-959e-05ff7830413e,GBP,Failed
312,242,2024-01-02T04:44:12,40.80275509327128,Debit Card,54d9a96e-0eef-4271-a47b-812fed84424f,GBP,Completed
313,359,2024-06-02T05:48:14,64.98394292648227,Credit Card,c9f8d5c5-0e42-4c41-8db2-1366081141e3,GBP,Completed
314,416,2024-02-29T00:15:42,40.18329710867011,PayPal,ebce20d3-8e8c-4489-a0b5-6b0ebe9d9731,GBP,Failed
315,36,2024-03-30T07:10:59,89.84195100647828,PayPal,1685aee1-f2bc-44fb-a662-1656b4ba71b9,USD,Completed
316,225,2023-09-08T18:00:17,48.79354638988763,PayPal,9b63c605-be0a-4227-9b8c-774f48532e1e,GBP,Pending
317,421,2023-12-15T11:15:16,95.53035924959974,Debit Card,5b78bfb1-7c58-48d4-b286-fdea6b3c509d,USD,Pending
318,219,2023-12-31T04:50:48,13.861852072368247,Credit Card,96310c32-eb25-4e10-ab21-8c23398767ba,USD,Pending
319,334,2023-10-19T08:11:23,78.00007589161503,Debit Card,ee0c767e-166b-4f18-9f0d-85d30c1b860a,USD,Pending
320,466,2023-09-23T15:14:03,77.42698484483633,Credit Card,ef6357b0-b3d6-4b64-a9c8-2ef3cd7c9739,USD,Pending
321,374,2024-08-01T07:08:21,75.78885268551572,PayPal,2515ded2-7166-4031-af47-414129751bdf,USD,Failed
322,146,2023-10-13T23:48:50,45.41443407768536,PayPal,ad09a411-2717-4601-bb05-6cafdf7bcd9e,GBP,Completed
323,379,2024-01-27T04:35:02,88.94150902814175,Debit Card,16ac9f3e-7bbe-48b4-8d52-c64f8cd45afe,EUR,Failed
324,368,2023-10-04T07:27:28,25.963807444445017,Credit Card,bcc1a7f6-9186-4c32-8668-4bbe16533a4f,USD,Failed
325,355,2024-02-29T10:53:30,26.635090386280517,Credit Card,1c2f3d3c-5e7d-4218-890d-7eaab0034d9e,EUR,Pending
326,201,2023-08-19T09:22:31,57.3591044320262,PayPal,7d50a902-36e6-4a37-9ffe-f3f3136cf560,USD,Pending
327,400,2023-11-12T06:19:59,96.84163074947229,Debit Card,94977494-5163-4f62-b985-24266a28e24c,EUR,Failed
328,245,2024-07-10T01:18:20,22.693958813165857,Debit Card,d6800f3d-02f1-4999-ba5d-02015f73f269,EUR,Pending
329,460,2024-01-23T10:57:17,28.118615757898638,Debit Card,3b139693-54c9-4c80-ac36-c040e053bbd8,GBP,Pending
330,56,2023-11-17T01:47:33,76.27185127232474,PayPal,397ff9a1-c18e-46d1-82d0-521cdfc544e9,GBP,Completed
331,166,2024-06-05T10:31:03,56.73294533550757,Credit Card,68cf15c2-c79e-4a5b-83f9-476329dc8fb7,USD,Failed
332,427,2024-02-27T23:53:54,45.88859055254213,Credit Card,b42a1911-452e-429f-9e5e-2af63af71fca,EUR,Completed
333,226,2024-01-08T09:42:15,84.84983245634058,PayPal,a28c83b9-b8e3-457b-99d7-5f636a121d25,USD,Failed
334,85,2024-08-05T07:45:06,20.74439272899184,PayPal,5b446915-caf2-4561-9e83-466ea13e8ae3,USD,Pending
335,203,2024-05-29T17:16:10,89.74506934261782,PayPal,de7bd449-6147-4dde-b852-92839bd8b11a,GBP,Completed
336,307,2024-06-19T00:36:34,97.96065474686357,Debit Card,21f3022f-4e37-40d9-a149-915ea3900250,EUR,Pending
337,412,2024-02-09T14:31:31,59.030482167845676,Debit Card,335fd7f9-8e35-477d-9e82-d243e6600958,GBP,Completed
338,49,2024-05-22T05:37:04,87.58283006779305,PayPal,d66eba7c-fcdd-49a2-aa68-c8fb940e7db2,EUR,Completed
339,31,2024-05-06T06:37:50,77.46210884641049,PayPal,199be700-9924-40ed-a98c-f648292ffb18,USD,Pending
340,201,2023-11-23T23:24:25,29.264471409238848,PayPal,29bad4b3-fa7d-4f83-8705-81c94e3d4e97,EUR,Failed
341,479,2024-07-18T18:42:35,69.86501777899748,Credit Card,df131e61-f6af-4def-a0cc-018d4546ae07,GBP,Completed
342,16,2023-11-06T18:47:15,35.845090181356426,Debit Card,48c82be6-5b3c-4860-8063-d9a1e9d64bea,GBP,Completed
343,176,2023-09-21T02:07:59,93.70362654218883,PayPal,7fb66296-add5-40ce-9ab6-42b0955fbb96,GBP,Completed
344,485,2023-12-03T08:04:31,37.81643733029983,Credit Card,14f439e3-e461-4075-9564-e2bf70bb0735,USD,Pending
345,31,2024-02-19T19:39:35,64.07521730444037,PayPal,44f6d3bc-4fea-4cbd-b511-626b5445cd2c,EUR,Pending
346,307,2024-06-03T02:10:30,12.471770488999802,Debit Card,10882a2b-bc20-4a9e-9cf5-09ebad52ddf6,GBP,Pending
347,436,2023-09-26T15:02:27,63.340168625641624,Debit Card,4b856459-c8e4-4c76-8a79-bcf0f0178085,USD,Completed
348,248,2024-04-15T21:46:43,13.394848456684203,PayPal,85e3ce8c-9d2a-4a1e-910d-87f7eb354fd5,USD,Failed
349,295,2023-09-13T23:05:35,67.84284628221496,Debit Card,af84e9b9-eb2d-4f17-9492-001f3b65023f,EUR,Failed
350,363,2023-11-02T06:19:03,85.08240591652786,Credit Card,5c41f152-16c4-49ec-aec0-a5e6fa960db9,GBP,Failed
351,127,2023-11-30T04:43:44,23.45025313615986,PayPal,0506de59-ff4f-40e9-8e4b-62634782ce5b,USD,Completed
352,9,2024-05-30T23:57:17,28.422222108478362,Credit Card,01fd010d-e429-409f-9ea2-f9378d97e52a,GBP,Pending
353,320,2023-12-06T21:50:41,46.77836736278832,Credit Card,5d96fa9c-1618-4ae4-b1ad-2bfe6c5393f8,USD,Failed
354,367,2024-08-07T12:59:35,72.44968983825166,Debit Card,f7805973-a240-4fcb-acd1-eb56c182e9f0,USD,Failed
355,409,2024-06-21T12:17:25,48.83954575235998,PayPal,1e1f9ff4-07d5-4c81-bd10-5c2b1c882d39,EUR,Pending
356,416,2023-11-01T12:35:03,52.70786408495979,Debit Card,8a8a2e32-7e24-4f72-a9a0-e3b5dbd2aba1,EUR,Failed
357,4,2024-05-30T21:49:14,43.997450020206905,PayPal,9dd09ca7-6f3a-401a-b0de-dec1f3144b47,USD,Failed
358,206,2024-01-01T13:11:39,29.93670002789445,Debit Card,d3d1aa56-5dce-4d29-9342-80e4cc90370f,USD,Completed
359,338,2024-04-15T21:58:04,40.89148510736119,PayPal,0ef6cc90-5b82-43a3-b072-20b5dafa4470,USD,Pending
360,489,2024-03-04T19:40:07,73.67328869609169,Credit Card,e53adadc-6588-406b-9572-025f285a351b,USD,Pending
361,329,2023-10-30T11:54:42,78.18168749745702,PayPal,f9248a32-998e-472f-945b-70019066af31,USD,Pending
362,343,2023-08-17T17:55:31,86.72987316213148,Debit Card,67f0a2e9-933c-4d2f-9532-84ef6c5b76d0,EUR,Completed
363,267,2024-07-26T19:08:36,78.71954186413477,Debit Card,4b6a4a7d-a61c-413f-9e49-99a59a55dbe0,EUR,Completed
364,410,2023-12-11T06:59:33,20.686248463362254,PayPal,b31d9002-58ee-4b7e-b0f3-5fbf0de922c6,EUR,Failed
365,147,2024-05-09T00:03:26,94.67571645481982,Debit Card,63871b16-5766-4b70-96be-6e7f53d3bc9f,EUR,Failed
366,116,2024-05-01T16:41:44,99.75815030424779,Credit Card,73d019df-0b17-4f05-9c12-be33a2cdf399,EUR,Pending
367,439,2024-02-05T18:49:16,65.91254652161493,Debit Card,69a30b45-c737-45ab-a8f0-ca69a2bcb4fc,GBP,Failed
368,17,2024-02-16T20:30:13,44.75296730682923,Debit Card,570f07f5-effd-496b-a474-8cfe425bb49a,EUR,Pending
369,458,2024-05-19T13:43:21,45.364900224535106,PayPal,ef4d7c41-37b9-4601-8419-de346e28af9d,GBP,Failed
370,238,2024-06-14T08:42:38,43.473886177074036,Credit Card,87f9dc95-f4fa-49e0-8d2e-3775118bd840,GBP,Failed
371,113,2023-11-03T23:01:48,79.2768634709932,Credit Card,5936d3e9-bc18-402a-8f6c-af9139b5d226,USD,Failed
372,344,2023-12-16T00:42:02,45.95889674959422,PayPal,247453b1-f9d3-4c03-b199-dfb86aea3bb3,USD,Failed
373,486,2024-04-04T11:02:05,54.68127510277833,Debit Card,7cb1205c-b7c8-4820-9f96-aeccc4d52093,EUR,Pending
374,227,2024-05-03T15:53:32,51.831479242185,Debit Card,3120360f-604a-40e5-97d7-388cbf0c06cd,EUR,Pending
375,299,2024-03-13T17:17:49,14.902156070800043,Credit Card,a9ab68dc-507e-418e-b58c-e5f70351982e,GBP,Completed
376,378,2024-04-30T20:52:39,35.19687438771704,Credit Card,8f860518-125a-4c60-bf29-bce62d876a15,EUR,Failed
377,155,2023-11-13T08:02:01,60.59473040893696,PayPal,7760ddf6-554e-4e42-95c9-ca9b853fdd72,GBP,Failed
378,274,2023-09-13T14:03:28,83.10201420445435,Credit Card,90d9b4ea-ce67-4202-a4f4-ef7924988c68,USD,Pending
379,380,2024-05-10T11:20:42,46.754555197907045,Debit Card,9eff110c-9613-410c-9c96-d904dda13ab3,USD,Pending
380,77,2023-12-03T06:00:16,89.59189341320115,Credit Card,e6d3a715-2389-48c3-8e7b-a2e5498a52ed,EUR,Failed
381,23,2024-01-04T09:54:20,33.29905809932301,PayPal,b1cb7147-3056-4daa-acaf-b9bb8005f47e,EUR,Pending
382,496,2023-10-29T06:13:07,52.11949617662211,PayPal,00d232ce-9166-4ca0-8c3d-24a3213110f6,EUR,Pending
383,458,2023-08-16T17:58:58,21.499634517011074,Credit Card,f2f20f9e-0386-43ba-bb99-a4505dc9995e,EUR,Completed
384,474,2024-02-06T22:58:22,80.15786972179279,Debit Card,fdbe478c-cd29-4973-a6fa-5f778005392e,GBP,Failed
385,165,2023-12-17T02:19:40,56.4544191359435,Debit Card,58436831-253d-4267-8aea-fecd348dab1f,EUR,Completed
386,435,2023-12-24T18:44:28,84.952341948794,PayPal,edc26e53-169f-498e-9e31-62187b0f86c9,USD,Pending
387,313,2023-09-20T16:04:36,20.686223358452366,Debit Card,f576cf42-5fce-47c2-b11f-dc56d141cf5d,GBP,Pending
388,155,2024-08-03T00:16:13,22.475601434339662,Credit Card,4b2b174b-da4e-4c5f-8b59-74c4d195e157,USD,Failed
389,60,2023-08-25T08:25:38,27.94143836323615,Credit Card,103d3b11-b94c-4dcd-8543-497b92a7024e,GBP,Failed
390,159,2024-06-19T20:06:11,56.38809541969719,PayPal,5926efcf-419e-47a0-b898-2decf41a35a8,USD,Pending
391,483,2024-05-16T08:21:36,33.686371894951904,Debit Card,5bf9fa0c-57f1-4249-a571-08db215d06e4,GBP,Completed
392,57,2023-09-10T15:44:58,13.841011750975476,Debit Card,c6e3e8c0-9a04-4ad8-b1e1-d482a13c7484,EUR,Pending
393,196,2024-04-20T23:08:20,34.69551720120559,PayPal,2bf0af30-6c93-4561-91e8-5401364a1aaa,GBP,Completed
394,104,2023-09-18T21:55:24,13.904091079468234,Credit Card,07bc5daf-fa9e-4a68-801a-d081e12bdfe0,USD,Completed
395,220,2024-05-10T14:59:34,18.366719552177585,Debit Card,4c60654b-3871-4111-8962-2526f412a470,GBP,Completed
396,161,2023-12-24T04:13:53,73.8338839672663,Debit Card,d06cc69c-dd32-41cd-a596-e16d50bd428e,USD,Failed
397,473,2024-04-12T13:34:42,78.4934335114587,Debit Card,5fbb29df-464f-4f87-905e-f39a39553266,GBP,Failed
398,279,2023-11-05T11:14:33,23.10321313904631,Debit Card,f4a81005-fd75-4959-a6ec-fce147b11bab,USD,Pending
399,92,2024-05-03T13:30:56,33.36818997279457,Debit Card,bf393984-97d3-40f7-89a3-dcad517b428a,GBP,Pending
400,168,2024-06-04T16:58:36,41.82342520155527,PayPal,f1d65e8d-a671-42c2-a97d-1e8b17415679,USD,Failed
401,42,2023-12-31T20:32:40,30.110128259223362,Debit Card,860bb8d4-519c-4c06-b9f1-0ebcc8ed3c57,GBP,Completed
402,398,2024-05-30T09:26:46,76.95647044200892,Debit Card,768ae75a-124e-4e69-b8d1-c355f73b7637,EUR,Completed
403,220,2024-08-01T08:39:56,66.31944181024168,PayPal,5263400c-8aa1-462b-9138-5c400b6b4a20,USD,Completed
404,348,2023-09-22T20:16:29,95.99746353756649,Credit Card,d7283fbf-a3c1-4485-af57-4cb37d470337,EUR,Pending
405,322,2024-02-02T02:33:07,21.799663251532856,Credit Card,18a0075c-8d67-444c-93c6-430d8b60fb7b,USD,Pending
406,196,2024-03-27T14:45:53,29.602894086465405,PayPal,06b8a2a5-1f60-44f0-a03a-9f5b29eac64b,GBP,Completed
407,235,2024-03-27T13:17:26,85.3423219770161,Debit Card,b217f33a-aaf1-40e0-bfad-e4a19e8b9c05,EUR,Completed
408,450,2023-12-01T02:00:40,61.120553715025586,Debit Card,187afdac-be2c-4e9c-af1d-39f8020f0f34,EUR,Completed
409,25,2023-09-12T06:27:57,74.43224034292305,Credit Card,9db470de-67a6-4d91-872a-ed213ed0abf4,GBP,Failed
410,477,2023-08-20T20:07:53,96.43337104786093,Credit Card,18b142d6-97f4-4fda-bc67-63d9542f26ba,USD,Failed
411,180,2024-03-02T18:26:29,48.21016890548915,Credit Card,bb18e061-dd6f-4f05-8dfd-09a5c02ffb89,EUR,Failed
412,488,2024-03-19T08:38:15,60.18497626365281,PayPal,010d9a89-9668-4cc9-a177-3fe9443b3ebf,GBP,Pending
413,102,2023-10-02T16:42:30,66.89315654499575,Debit Card,e6e745b9-4fa4-461b-83f3-d9a16627588a,GBP,Pending
414,297,2023-12-15T23:18:07,26.100484180046656,Debit Card,d8d1eacb-040e-4928-811a-504e635f2e3a,GBP,Pending
415,129,2023-11-18T07:40:32,37.271277565901165,Debit Card,33c43589-9179-48bd-b48c-31e00f71bac8,USD,Completed
416,105,2024-06-03T17:43:14,85.15234906777549,PayPal,f6d7f5d5-f119-484c-8d73-96b04a04af1f,USD,Failed
417,382,2024-06-29T03:52:39,62.11367291352344,PayPal,8349d8ba-d5e9-451d-b5a0-a93a60d97348,EUR,Failed
418,147,2023-10-18T20:44:11,89.4734162888429,Credit Card,be7567d1-7ca2-40f8-a29f-2b9147064a81,EUR,Completed
419,438,2024-04-27T14:34:59,10.599633505142492,Debit Card,f416b51f-35f7-4f60-b2b4-74f6b011f752,USD,Failed
420,418,2023-10-30T20:27:00,25.131257366884178,PayPal,45105a40-05d7-4651-8843-114a98af82fa,GBP,Pending
421,73,2024-08-04T03:39:24,27.69686549060238,PayPal,fc236f1b-720d-4121-9865-f5cf46b31ba2,EUR,Failed
422,104,2024-07-10T00:03:28,38.22082564093847,Credit Card,ba9d43c9-33c5-4975-a1eb-ebea9446114a,EUR,Completed
423,209,2023-10-22T19:53:04,79.38259878357572,PayPal,eb8a356d-8a4c-49f5-a4e7-2b0408e057d2,GBP,Pending
424,108,2023-09-25T11:46:14,58.459868870710785,Debit Card,74a01bda-f335-4464-85a6-2fd01061fee0,EUR,Failed
425,190,2023-12-04T08:42:04,74.01501355124628,PayPal,8ef6f750-d089-40d3-8b2a-ea4d9fb5eb62,USD,Failed
426,236,2024-08-03T16:06:45,93.06756289539001,PayPal,35baaeed-f6c9-41be-a3b0-ee9ab551ed3d,GBP,Completed
427,206,2024-07-17T18:15:22,96.03412266848979,Debit Card,7133a7ec-fe63-4905-861a-6c8d02d09935,EUR,Completed
428,56,2024-07-16T14:50:35,97.08962173850685,PayPal,1ab46b14-fdbf-410a-a51b-0f2e73b50f00,EUR,Completed
429,166,2023-11-12T07:10:47,94.7277834744377,Credit Card,28a519c9-fe77-4645-84eb-4f9bba2c8814,USD,Pending
430,103,2024-08-09T19:11:21,14.895419581442674,Credit Card,ecfb76e3-448b-436d-9b34-91455e76458b,USD,Failed
431,395,2023-10-04T05:33:06,59.39509295558713,PayPal,eb90ce45-539e-46d3-80ed-ce9b20ec359e,GBP,Pending
432,340,2024-07-01T17:06:33,69.20446860780646,PayPal,20348daf-8fce-4a4f-aff4-8f85094b9d75,GBP,Failed
433,428,2024-05-16T08:40:09,40.310742560537534,PayPal,49cfeef7-ef97-4779-b5a0-7e4ec0626a1a,EUR,Failed
434,472,2024-05-24T05:35:54,61.26333405333868,PayPal,6f2919c5-8c42-40d0-bf28-54ff171f1a83,USD,Pending
435,484,2024-04-26T18:16:05,84.22998007327574,Credit Card,9837d70e-afef-440f-a5e0-0c400850c096,EUR,Completed
436,106,2023-09-21T17:08:17,58.53700101022916,Credit Card,8e74c377-16e8-4bc4-a37a-12ba4062f4ff,USD,Failed
437,410,2023-11-11T18:28:45,61.10866743502205,PayPal,a5d60ecf-e3f7-4d28-943f-c51c8259794d,GBP,Failed
438,9,2023-08-14T22:59:28,56.82687104738737,Debit Card,111b3f0f-c634-4fdd-8417-0197a7b482b6,GBP,Completed
439,134,2023-10-07T16:00:31,77.73143479981209,Debit Card,a9c1aa5f-5f84-42a6-8190-f7a99958e251,GBP,Failed
440,461,2024-07-10T20:57:57,46.38161053176012,Debit Card,79dbc41f-8a5c-43c6-974a-7498324cdb17,GBP,Failed
441,331,2024-01-20T04:02:45,77.42431718329559,Credit Card,3c963a22-b80d-43fc-a7da-b6083d5b3126,USD,Completed
442,420,2023-12-17T23:14:52,40.58014722617108,Credit Card,cb0f622d-ec00-43e8-9bfb-943a27d9f096,GBP,Pending
443,480,2024-02-06T03:24:33,11.198210201253618,Credit Card,ceb77de8-c1e4-4e03-b69a-89d57212ca46,EUR,Pending
444,152,2023-12-12T13:00:11,20.243820129980755,Credit Card,b9d41656-ddf8-4766-a2a4-f07688901a03,USD,Pending
445,364,2024-04-11T10:20:56,91.30143556405402,PayPal,d36183a3-21a1-49f5-acbb-cbeefbb90b81,USD,Pending
446,221,2024-05-29T11:02:04,15.849967332008514,PayPal,fa5b4dda-745d-42ef-ab23-89e75249199e,EUR,Pending
447,175,2024-08-03T13:16:37,50.80582084451715,PayPal,9f350d31-7b9e-4233-9e9f-4cf46f1584c7,USD,Completed
448,270,2024-01-15T12:39:51,83.3578820011025,Debit Card,c5d4b4a2-803b-4c24-89a3-ea49866a96ef,USD,Completed
449,428,2024-06-15T08:00:07,56.85028177246933,Debit Card,d79e0471-aaf7-48fb-ad15-bcc1618ab74e,GBP,Pending
450,15,2024-01-09T14:27:47,15.620975318603177,PayPal,20d4f5f3-d5a2-4526-a297-259ee3605b29,GBP,Completed
451,44,2023-11-12T12:13:44,58.88386358885088,Debit Card,06d86278-5737-46ae-a01a-397005c26130,USD,Pending
452,458,2024-01-14T13:47:47,60.85662406311241,PayPal,9398367f-1024-4a76-8efd-41f33086cc4b,USD,Completed
453,242,2023-10-23T15:41:04,68.8991986434961,Credit Card,7004f10d-9c93-455d-ae75-b25596101fca,EUR,Failed
454,280,2024-07-30T13:45:11,49.41938366577922,Credit Card,b38b32ec-1deb-4029-aea0-e73659461291,EUR,Completed
455,472,2023-11-18T01:56:48,34.8587773322796,Credit Card,85ac5611-9339-438a-bd9a-bd740165b300,EUR,Completed
456,325,2024-04-05T15:12:25,92.19417125579916,PayPal,51b6baf9-0b42-4c4e-953b-96e4c6f98650,GBP,Failed
457,117,2023-08-28T19:36:41,32.72869061506407,Debit Card,cc105dfe-0461-4d07-b258-d8c0f5822a78,USD,Failed
458,193,2024-07-31T06:11:53,46.72210817181765,Debit Card,53cd4a02-e68c-419c-8cda-147b93694765,EUR,Completed
459,340,2024-05-04T11:00:53,21.3711461673852,PayPal,4943da78-34a2-4980-bdf1-a53bb9f2b305,GBP,Completed
460,181,2023-10-16T20:09:39,83.77429064552494,Credit Card,aea84f98-8ed8-4b62-a3e0-aaddd0d3ecdd,USD,Failed
461,486,2024-02-12T10:04:13,28.795261470143586,PayPal,f6ed4782-1ebf-4900-b918-c2a8f620ee23,EUR,Pending
462,274,2023-08-22T16:56:42,38.90810226619226,Credit Card,addd8223-4084-4b68-a775-04768b3c0fc6,GBP,Pending
463,364,2023-11-01T04:12:47,68.75523425665173,Debit Card,864a8dc3-f88a-45a5-8e85-6be25d1b7dd3,GBP,Pending
464,368,2024-01-30T23:44:53,10.029226342672025,Debit Card,98097682-50d7-4e41-a81a-fac22c394969,EUR,Pending
465,285,2023-10-27T06:29:15,44.452021735314034,PayPal,f18fa39a-84fd-4630-89b1-0954069721f9,USD,Completed
466,240,2023-09-22T10:07:04,38.77168806900683,Credit Card,77d9473d-eff2-43f5-acac-7de327d89fd5,USD,Pending
467,53,2023-11-24T17:46:03,33.788043186043424,Credit Card,07698b7f-8657-4ab7-8b67-a9f6cbbd04c7,GBP,Failed
468,380,2023-11-16T23:12:01,76.00388314614119,Credit Card,53394e96-c730-4ee3-8c7e-ea084e239035,EUR,Pending
469,488,2023-12-22T07:53:42,18.697813999063925,PayPal,14201eb9-7563-42b5-9b74-ea66aef3b6e6,EUR,Pending
470,212,2023-10-25T02:57:35,50.01747338922654,Credit Card,8f113d4b-05f0-4798-988c-0d0a0ce20900,USD,Completed
471,482,2024-07-30T21:56:10,89.04217304702118,Credit Card,d9af103a-ff20-4c77-ba15-3e10f05d85ed,EUR,Completed
472,287,2024-05-28T08:41:21,71.10468192673949,PayPal,0f9c7212-ce1d-4216-b79d-2e567d2650e5,EUR,Failed
473,344,2023-11-25T10:11:51,22.73898667782656,Credit Card,7d2a9024-44c2-4101-a9c4-d02ba97802d3,USD,Completed
474,84,2023-09-29T18:38:18,69.40481169548056,Credit Card,8167d589-8af7-4748-9059-90df73d5fbe8,EUR,Completed
475,266,2023-10-12T01:04:59,92.61303483346764,Debit Card,2b1ff9e8-e7a7-4f8a-a674-026b81ae5b54,USD,Pending
476,63,2023-12-14T01:41:59,57.98974803557293,Credit Card,ebcc882c-5131-406c-b7ef-4d94e2543554,USD,Failed
477,280,2023-08-25T17:35:55,77.38992579103781,PayPal,d13cfb73-f3ea-41cd-9ffe-202dbe7250a9,EUR,Failed
478,133,2024-06-22T11:06:36,78.7819051001527,Credit Card,5347ef72-15e0-4f5a-9155-3252e866a67c,USD,Failed
479,130,2023-12-01T23:50:09,65.18934390856643,PayPal,4dfa8507-0570-4a97-9137-a95918b117a4,USD,Pending
480,245,2024-05-31T12:55:54,46.57392937881106,Debit Card,e3f14648-42ce-44ee-808f-eeea844197cd,EUR,Completed
481,349,2024-06-22T10:44:22,99.45430265753217,Debit Card,9cc270ff-8665-4c13-ad1c-1323c0cdacd5,GBP,Completed
482,265,2024-08-11T19:54:39,93.68297252555149,PayPal,ddddff6d-1247-4a0e-8167-af1f39b09026,GBP,Failed
483,31,2024-03-18T05:52:37,28.468571372653756,Credit Card,17b806a2-9857-4f99-ad5d-e85be6fab7ee,EUR,Failed
484,174,2024-05-04T07:23:28,98.16283723870056,Debit Card,ca1ded12-a1d9-4b30-8245-f3b91bfd200c,GBP,Pending
485,30,2024-02-15T10:51:22,56.13111745736426,PayPal,0f1e8bab-2cc1-43f3-87dc-4ece58633b73,GBP,Completed
486,295,2023-10-17T03:30:28,62.70126834372865,Debit Card,6de5bdf5-8e10-473a-88f3-7bd8ced02320,USD,Completed
487,345,2024-06-25T12:45:22,84.44553092770184,PayPal,fb63d343-f79e-4299-a0fd-712bfc1d7582,USD,Pending
488,474,2024-02-18T03:57:41,84.9496615201087,PayPal,695acbd2-7a8c-4391-b051-b0bc429182da,GBP,Pending
489,498,2024-01-20T12:06:23,46.99187556868724,PayPal,50e6a993-a091-47a2-a6ac-44a9f76c6fad,USD,Pending
490,390,2023-09-16T08:45:56,78.2634853124225,Credit Card,42c654e6-d252-4fd7-8242-a9b438be8dcb,USD,Failed
491,11,2023-12-02T16:56:41,67.07634869311882,Credit Card,d37a29dd-6ceb-4eba-b220-5b695419e2d1,EUR,Failed
492,279,2024-07-10T00:22:21,40.190944922426034,PayPal,61837ba5-83f9-4f40-a7ca-9d5fdd89f48d,GBP,Failed
493,144,2023-09-30T03:04:08,98.37343062925518,Debit Card,24471888-fdc1-4e51-a632-58453360f84a,GBP,Failed
494,427,2024-07-22T07:37:25,34.64085047930436,Debit Card,fbbeea5a-2781-4dfd-a985-29546b1a0392,EUR,Failed
495,57,2023-12-27T21:36:59,87.1807691389693,PayPal,2aa797a3-8863-4fba-82d9-a1a5fe51d689,GBP,Completed
496,228,2023-10-03T13:30:40,32.54543207554693,Debit Card,69ee75bf-4c1f-46fe-badc-6e93de738164,GBP,Pending
497,214,2023-09-02T02:16:32,30.672442700729558,Debit Card,7da7f6d1-5ebc-472d-a779-36241eca447e,GBP,Failed
498,328,2024-04-01T22:56:43,54.391835551412754,PayPal,21aed38a-d21d-488f-ba18-e7fcebe586a7,USD,Pending
499,17,2023-10-03T05:55:04,66.90524899491197,PayPal,a78f2a26-4b6c-4f7d-9e55-4792ac15dbbd,EUR,Failed
500,230,2023-08-20T08:09:00,28.15078785952827,Credit Card,3667c020-a26c-4bc5-8342-d729e4c3f014,GBP,Completed
