ViewershipID,ViewerID,ContentID,StartTime,EndTime,TotalWatchTime,DeviceUsedID,QualityOfExperience,CompletionRate,RewatchStatus,ConcurrentStreams,CDNNodeUsed
1,22,318,2024-01-06T12:22:02,2024-05-27T05:32:14,83,10,Good,0.3400404628471639,False,1,11
2,98,149,2024-06-06T03:31:59,2023-11-10T03:16:51,174,16,Good,0.1691314433452895,True,3,10
3,934,497,2024-06-08T22:00:22,2023-08-19T07:44:34,171,26,Excellent,0.4502715804787701,False,1,8
4,816,161,2024-04-19T10:33:10,2023-09-25T22:48:12,41,7,Good,0.7975973273415411,False,2,18
5,331,287,2024-03-28T20:41:03,2023-09-09T07:04:59,87,40,Excellent,0.4467295746193342,False,4,2
6,104,229,2024-03-11T07:02:05,2023-08-24T11:10:39,155,28,Excellent,0.9786476564141372,True,2,7
7,601,374,2023-11-16T14:19:19,2024-05-02T00:25:57,22,49,Good,0.4387291140998508,True,2,19
8,340,127,2024-02-27T21:59:20,2024-05-20T19:07:55,159,4,Poor,0.2790009173678044,True,2,4
9,105,238,2023-12-20T09:49:43,2023-12-17T10:43:18,163,4,Excellent,0.2007135954090086,True,4,13
10,30,478,2023-08-17T09:33:52,2024-06-13T05:35:54,68,5,Good,0.5441160809362625,True,3,8
11,909,392,2023-10-16T23:50:13,2023-10-09T01:35:20,108,21,Good,0.1568135099094366,False,2,8
12,538,481,2024-01-27T13:06:47,2024-03-24T20:19:59,102,19,Good,0.4552683782393331,False,4,11
13,775,29,2024-04-08T01:06:50,2023-12-27T06:19:24,96,6,Poor,0.2866569686284966,False,3,15
14,106,320,2024-01-10T22:24:39,2024-05-30T19:07:45,41,5,Poor,0.5833152731409008,True,2,3
15,776,480,2024-06-23T23:53:47,2023-09-21T04:54:45,178,41,Good,0.079844348770137,False,4,18
16,469,499,2023-12-12T21:07:39,2024-07-28T22:00:50,108,44,Good,0.3568149151670983,True,2,20
17,941,233,2024-07-08T03:12:06,2024-07-19T09:38:54,165,44,Good,0.909911055172785,True,3,16
18,406,192,2024-07-25T11:14:35,2023-12-25T09:42:30,177,7,Poor,0.3920563090292236,False,1,16
19,523,444,2024-04-03T05:47:17,2024-08-05T19:50:12,46,38,Good,0.2484131616993545,False,2,19
20,993,401,2023-10-26T11:19:56,2024-01-04T17:03:19,163,49,Poor,0.6384923666429235,False,4,12
21,868,442,2024-05-21T05:40:13,2024-07-27T17:54:17,117,5,Excellent,0.0684250504599073,False,3,8
22,212,420,2023-12-10T19:18:55,2023-11-21T14:02:02,121,43,Poor,0.8223114361271079,True,4,16
23,937,6,2024-03-10T01:31:49,2024-06-01T20:16:11,178,26,Poor,0.2896520494729664,True,5,14
24,321,91,2023-10-21T01:30:14,2023-09-16T00:39:51,32,41,Good,0.2408376486418347,False,1,1
25,814,102,2024-07-11T20:31:35,2023-11-16T02:00:02,62,21,Poor,0.1259440670200055,False,4,17
26,105,375,2023-10-22T11:21:30,2024-02-16T03:01:31,59,50,Poor,0.9659534299728048,True,4,5
27,534,123,2024-05-18T00:29:58,2024-06-23T18:03:03,102,16,Poor,0.3480429713972955,True,3,19
28,125,283,2024-03-05T12:39:30,2023-11-10T06:51:17,126,49,Excellent,0.2221924343616154,True,5,19
29,379,68,2024-04-08T11:09:07,2024-06-05T09:50:07,154,37,Excellent,0.7656483643070923,False,5,20
30,278,24,2023-11-17T01:52:59,2024-02-07T09:40:53,152,11,Excellent,0.1640700648816007,False,4,14
31,264,39,2024-04-09T15:14:46,2023-08-16T01:43:14,163,37,Poor,0.5304789393766184,True,1,2
32,208,434,2024-03-01T13:58:46,2023-11-16T19:47:05,20,9,Poor,0.7616186976607064,True,2,5
33,781,431,2023-08-28T18:13:48,2024-05-21T01:10:42,90,45,Good,0.7870718356984481,False,4,14
34,577,330,2024-05-07T01:06:44,2024-05-03T09:41:30,108,19,Poor,0.2247093175896639,True,3,20
35,110,333,2024-07-09T14:25:45,2023-08-27T22:16:54,66,38,Excellent,0.9613126763521744,True,1,15
36,425,98,2024-04-02T23:10:40,2023-10-16T06:16:31,84,3,Excellent,0.9272634254999912,True,1,10
37,85,490,2024-08-01T17:58:08,2024-04-30T17:36:56,114,27,Excellent,0.4610166084568248,True,3,11
38,341,235,2023-11-25T22:11:24,2024-07-06T02:29:50,20,17,Poor,0.3273655070923799,False,5,7
39,855,82,2023-12-31T20:05:33,2024-08-04T19:01:10,178,16,Poor,0.6775765911224544,False,5,11
40,710,462,2023-09-25T08:43:56,2023-09-30T18:19:11,107,31,Poor,0.7901376839388198,False,1,13
41,849,325,2023-11-11T01:04:23,2023-09-01T16:02:08,104,41,Good,0.7670256415820466,True,3,19
42,817,401,2024-07-14T02:46:27,2024-04-30T07:47:19,142,44,Excellent,0.523843906690582,True,2,15
43,559,452,2023-10-23T00:19:34,2023-09-01T02:03:18,15,7,Poor,0.1530988051361008,True,1,10
44,54,18,2023-09-03T03:21:15,2023-12-07T13:40:02,129,42,Excellent,0.5905054001501485,True,4,8
45,198,475,2024-04-08T20:50:06,2023-10-12T02:29:11,155,21,Good,0.3483587398739877,True,3,15
46,333,91,2024-06-13T12:32:42,2024-05-07T14:44:33,53,46,Poor,0.2432021166815383,True,2,3
47,525,237,2023-11-24T20:18:55,2024-02-26T16:10:50,117,43,Good,0.1460577726441474,True,5,12
48,16,16,2024-03-18T12:39:49,2024-04-07T10:57:14,58,8,Good,0.8372509964663138,True,1,3
49,533,234,2024-06-20T08:31:53,2024-04-02T03:07:55,59,43,Poor,0.8055627307346296,False,4,15
50,715,415,2024-07-05T08:50:26,2023-09-02T17:25:21,119,38,Poor,0.7128024891257898,False,3,4
51,497,301,2024-05-15T16:52:48,2024-07-29T11:20:05,78,48,Good,0.8352975923543775,False,2,3
52,761,455,2023-11-26T04:32:31,2023-11-29T00:40:21,55,15,Good,0.5685474120200185,False,3,15
53,113,10,2023-10-23T14:28:44,2024-03-17T19:34:28,113,2,Good,0.7552776821155406,False,3,3
54,796,409,2024-03-21T05:39:19,2024-06-08T16:47:26,147,28,Good,0.3342255947818486,False,2,12
55,441,66,2024-03-26T14:53:38,2024-01-09T20:15:09,158,7,Poor,0.0334219463580792,False,4,6
56,348,374,2024-02-08T16:33:05,2023-08-15T03:02:24,107,33,Good,0.6122373302401618,False,3,1
57,227,370,2024-02-15T12:16:33,2024-07-07T12:10:57,97,48,Good,0.5491654599324522,False,1,13
58,665,300,2023-11-19T02:15:43,2023-10-18T09:21:36,106,46,Excellent,0.3895928305985884,True,1,16
59,555,28,2024-08-06T08:19:52,2023-12-05T17:38:13,161,37,Poor,0.2879468047757006,True,2,16
60,662,320,2023-10-16T23:32:38,2024-04-15T04:26:42,137,10,Excellent,0.0418275999603081,False,1,20
61,302,244,2023-12-12T18:52:19,2024-08-07T02:55:40,41,18,Poor,0.3194286167943277,False,3,16
62,342,314,2023-10-24T17:31:23,2024-07-16T10:01:58,139,16,Poor,0.3511072018523322,False,4,19
63,151,255,2024-01-30T21:13:47,2023-10-11T15:44:45,43,33,Excellent,0.9409449051089358,True,2,13
64,320,280,2023-09-15T03:08:48,2024-06-13T00:36:09,147,8,Poor,0.2217071164202344,False,1,11
65,151,224,2023-12-23T20:30:06,2023-12-16T22:26:48,171,37,Excellent,0.7504412334321131,True,3,11
66,495,387,2024-08-01T09:08:54,2023-12-18T05:42:48,25,46,Excellent,0.1898432457475876,True,1,5
67,345,283,2023-09-13T03:32:20,2023-10-24T10:50:43,169,39,Good,0.6565505055226222,True,5,17
68,611,492,2024-08-11T06:53:23,2023-10-31T12:28:13,115,18,Poor,0.638308728472582,False,5,17
69,381,158,2023-10-14T23:54:23,2024-06-12T21:02:27,73,38,Good,0.334845532293656,True,4,19
70,595,436,2024-05-10T15:35:40,2024-03-21T13:57:54,25,15,Good,0.2920794831639414,True,1,17
71,553,369,2024-06-01T14:22:04,2023-10-21T20:15:43,12,10,Good,0.6311668278107926,True,1,17
72,646,430,2024-05-31T09:11:34,2024-03-11T22:44:46,129,17,Excellent,0.9519008187813756,True,1,15
73,95,330,2024-06-15T12:12:00,2024-06-20T04:54:50,94,17,Poor,0.7115602905405304,False,4,11
74,233,237,2024-01-10T05:01:51,2024-04-03T07:31:54,36,28,Poor,0.539835827505821,True,5,2
75,299,270,2024-03-16T02:49:11,2024-04-08T16:49:22,39,17,Good,0.5391234877349077,False,1,16
76,405,15,2023-12-09T19:20:36,2024-02-14T11:27:03,126,42,Good,0.3133128367750473,True,4,6
77,267,177,2023-08-30T21:57:28,2024-03-17T14:10:50,115,12,Poor,0.4688029727881453,False,3,12
78,667,42,2024-02-13T05:19:31,2024-04-22T02:22:11,41,13,Poor,0.0691100745622834,True,1,1
79,588,418,2024-06-18T03:11:09,2024-04-08T21:09:59,107,4,Excellent,0.2894125817049605,False,2,4
80,330,148,2024-06-10T23:47:26,2024-06-08T12:46:21,152,34,Excellent,0.5047251947308257,True,1,19
81,194,42,2024-04-19T23:01:59,2024-04-24T17:29:41,170,46,Poor,0.846982346384936,False,2,10
82,569,480,2023-08-29T05:52:31,2024-04-02T00:38:46,58,21,Poor,0.7655570728501334,True,5,3
83,839,178,2024-07-06T16:56:59,2023-12-06T16:44:17,38,13,Excellent,0.0007938650293338,True,3,10
84,272,328,2024-04-24T04:26:37,2023-08-16T16:28:51,86,11,Poor,0.0850503714788897,True,2,1
85,174,454,2024-06-07T01:04:55,2024-02-01T09:46:52,149,3,Poor,0.1683684481810451,False,5,19
86,689,434,2024-05-05T08:31:20,2024-06-29T17:54:55,144,41,Good,0.1076286088176909,False,4,17
87,761,468,2024-04-05T08:27:07,2023-10-19T07:37:04,55,34,Poor,0.5871583016133679,False,3,18
88,899,69,2024-06-30T18:33:12,2024-05-30T19:19:29,177,24,Excellent,0.4893242885394321,True,5,2
89,927,484,2024-01-06T12:13:55,2023-10-31T17:07:50,26,5,Good,0.7663026229867682,False,4,7
90,627,56,2023-10-09T00:25:05,2023-09-24T12:28:41,53,4,Good,0.3747273079844799,True,2,7
91,440,499,2024-04-14T11:54:51,2023-11-28T10:36:51,152,7,Excellent,0.881021528071898,True,3,1
92,411,467,2024-06-11T05:15:17,2024-02-20T03:32:56,75,9,Excellent,0.1248247515137164,True,3,4
93,696,103,2024-02-12T01:15:44,2024-02-25T21:56:01,56,34,Poor,0.2390649688803193,False,5,13
94,23,320,2024-05-11T15:06:42,2024-06-17T18:01:13,77,34,Good,0.3390167948356694,True,1,17
95,422,220,2024-05-08T22:42:27,2024-04-09T21:44:28,93,26,Poor,0.2445890992623476,True,2,20
96,817,362,2023-10-17T22:51:29,2023-12-13T18:52:59,100,43,Good,0.0037504963578401,False,2,3
97,271,436,2023-12-14T07:13:52,2024-01-07T06:06:39,19,46,Good,0.0794300263897178,False,2,2
98,849,232,2024-02-20T04:49:10,2024-03-17T07:10:10,11,4,Good,0.150943814703144,False,1,5
99,641,67,2024-02-26T18:00:33,2023-08-14T10:37:43,51,11,Poor,0.9561830914557304,False,4,4
100,453,259,2024-06-11T14:50:06,2023-09-14T21:30:27,163,28,Poor,0.0140322953790512,False,4,14
101,876,151,2024-02-26T23:14:36,2024-06-21T01:50:15,147,19,Excellent,0.3539133215186495,True,2,2
102,276,2,2023-08-24T03:00:49,2024-07-31T00:03:56,75,48,Good,0.7730728163777267,False,4,5
103,715,488,2024-03-16T11:55:15,2024-06-15T16:17:24,51,8,Good,0.0070537669400271,False,2,7
104,97,45,2023-10-06T08:42:30,2023-12-09T04:08:45,85,46,Good,0.7153416743481333,False,3,8
105,561,347,2023-09-01T10:11:49,2024-06-30T14:48:04,39,13,Poor,0.0338569147242336,False,2,13
106,754,464,2023-12-11T14:31:30,2024-02-12T00:47:44,32,48,Good,0.698821134690693,False,2,19
107,309,54,2024-03-19T05:22:20,2024-05-13T18:27:08,23,38,Good,0.7086272357548844,True,2,16
108,686,255,2024-07-19T03:02:58,2024-01-14T13:24:47,163,28,Excellent,0.4944769850801493,True,4,8
109,236,362,2024-04-18T00:18:43,2024-03-21T20:20:25,147,49,Poor,0.5602564398194441,False,3,3
110,227,266,2023-09-21T12:46:33,2024-03-08T04:51:02,166,10,Good,0.6553922665208672,True,4,11
111,191,13,2023-12-26T13:01:59,2024-06-06T10:50:30,30,39,Good,0.4812954930681827,True,1,16
112,553,281,2023-11-14T22:12:36,2024-01-11T15:34:47,103,48,Good,0.067426168513699,True,3,8
113,718,8,2024-03-24T13:44:03,2024-06-28T20:30:27,172,26,Excellent,0.5023743619045001,False,4,11
114,238,498,2024-04-08T08:50:26,2023-08-23T21:12:18,93,34,Poor,0.3348455889887054,False,1,2
115,611,152,2024-02-03T22:23:41,2023-10-24T19:00:00,74,20,Good,0.5002782219045763,False,2,13
116,383,330,2024-03-31T12:51:48,2024-01-25T23:50:19,18,9,Good,0.740736243168767,True,1,10
117,135,43,2023-08-20T07:59:20,2024-07-31T20:35:19,145,21,Excellent,0.4493670229988685,True,1,17
118,847,287,2024-05-25T16:01:18,2024-01-04T15:57:59,28,20,Good,0.2180253081695181,True,2,14
119,211,16,2023-09-26T09:48:59,2024-06-05T12:46:37,63,33,Excellent,0.4823932672196197,False,5,16
120,53,459,2024-07-29T14:29:46,2024-06-12T06:28:48,150,26,Poor,0.5292146300295026,False,4,17
121,417,176,2023-11-21T23:32:16,2023-12-16T12:54:20,161,15,Poor,0.1002382663057505,False,3,9
122,958,455,2023-10-07T15:38:39,2024-06-11T15:03:49,134,33,Excellent,0.943365911951351,False,1,9
123,913,449,2024-08-01T01:04:46,2023-11-22T15:11:58,33,23,Excellent,0.7804936968505607,False,5,11
124,271,458,2024-06-14T12:47:58,2023-10-21T03:31:31,136,45,Good,0.2290266719116576,True,1,10
125,394,93,2023-11-12T16:49:33,2024-07-08T12:00:01,127,32,Poor,0.473323926179141,False,2,10
126,368,158,2023-10-23T20:32:31,2023-08-26T06:43:41,132,17,Excellent,0.0664726173164566,True,1,14
127,248,29,2024-03-18T18:12:46,2024-06-23T06:01:00,147,37,Good,0.5586664794563654,True,1,2
128,19,363,2023-08-30T23:45:18,2023-10-05T19:27:39,156,42,Good,0.304106347412845,False,3,18
129,169,491,2024-06-08T23:08:16,2023-12-24T21:49:40,23,42,Good,0.7055870427347102,True,4,11
130,210,10,2024-01-30T01:50:52,2024-02-27T14:44:22,97,11,Poor,0.7041050031398799,True,4,8
131,164,41,2024-06-08T14:25:26,2024-01-29T14:53:48,91,34,Good,0.5820701630519226,True,3,4
132,762,303,2023-12-06T18:56:13,2023-08-19T22:30:18,31,23,Poor,0.4563928358910097,True,5,20
133,699,310,2023-08-23T21:01:04,2024-02-25T08:43:43,153,41,Poor,0.9173278882708414,True,3,10
134,412,414,2023-09-19T07:10:48,2023-08-31T07:30:17,98,37,Good,0.9346366776174508,False,4,11
135,274,185,2024-04-06T23:24:53,2023-12-28T02:13:17,109,46,Excellent,0.2602276003133796,True,5,20
136,121,425,2023-10-12T13:49:48,2024-03-24T05:56:55,137,25,Excellent,0.5811687758094316,True,2,2
137,620,324,2024-05-22T15:25:42,2024-08-01T20:07:11,34,25,Good,0.7366148867576922,False,4,7
138,165,107,2024-07-26T09:56:06,2024-03-15T08:53:30,41,32,Excellent,0.1370347234669019,True,1,3
139,841,379,2023-11-19T22:08:49,2024-03-27T06:44:57,68,4,Excellent,0.9385760090883536,True,4,8
140,626,328,2024-07-02T20:39:00,2024-04-04T10:20:07,177,7,Good,0.0089610819687012,False,2,4
141,515,470,2023-09-02T00:13:49,2024-07-21T00:55:51,80,1,Poor,0.1527583473023377,False,2,16
142,814,99,2023-10-08T20:18:22,2024-07-21T15:40:51,87,34,Good,0.2420059720787577,False,3,20
143,998,71,2024-07-12T06:48:22,2024-01-31T15:59:18,116,1,Poor,0.3713538520856212,True,2,1
144,360,353,2023-09-11T05:43:31,2024-04-12T17:54:39,20,42,Poor,0.6620495760619133,False,4,19
145,521,122,2024-03-19T13:55:56,2023-10-14T14:38:36,170,36,Poor,0.4869735267069642,True,5,10
146,53,278,2024-06-18T16:50:15,2023-12-06T20:04:55,80,9,Good,0.4850155387146206,True,1,6
147,458,167,2024-06-02T10:26:22,2024-07-30T07:58:36,14,30,Good,0.5167668929882949,True,1,2
148,459,129,2023-12-20T10:30:40,2024-07-09T14:35:18,102,20,Poor,0.8639771249377117,True,5,2
149,346,364,2024-06-05T13:13:24,2023-09-04T08:30:48,105,49,Excellent,0.0450304858114202,False,3,5
150,655,83,2024-07-03T20:38:24,2023-12-06T06:54:40,50,44,Poor,0.4275706450359609,True,2,12
151,135,499,2024-06-27T08:35:08,2023-10-09T08:18:29,89,32,Excellent,0.0815894800062597,False,1,5
152,476,120,2024-08-11T23:24:59,2024-02-17T16:07:24,32,19,Poor,0.5701153883046521,True,4,7
153,881,197,2024-05-05T02:16:14,2024-07-27T23:31:55,133,28,Excellent,0.0713949240133116,False,4,10
154,921,461,2023-11-25T11:53:14,2024-01-07T08:33:36,171,29,Excellent,0.8249869942662184,False,2,1
155,535,456,2024-04-15T10:13:12,2023-12-25T16:27:30,13,10,Excellent,0.6411133319644828,True,2,14
156,664,317,2024-06-24T15:35:05,2023-10-04T05:21:21,31,8,Excellent,0.7882030398661932,False,2,6
157,294,280,2024-04-05T16:40:08,2023-11-30T23:33:07,176,46,Good,0.155907918092485,False,2,4
158,696,128,2024-05-26T02:11:53,2023-11-11T17:05:23,144,50,Good,0.2801082637605465,False,2,6
159,930,387,2023-12-01T18:28:14,2023-10-01T15:25:47,134,49,Good,0.9399044540254008,False,4,6
160,32,280,2023-09-08T23:19:25,2024-02-03T01:47:41,164,47,Poor,0.7027598215264166,False,1,20
161,924,335,2024-02-23T23:10:38,2024-03-01T09:18:52,117,49,Excellent,0.7358460730288325,True,4,20
162,154,420,2024-05-30T07:24:23,2023-12-11T06:14:52,155,46,Good,0.2601708156417196,False,1,17
163,620,57,2024-04-02T12:06:17,2024-07-09T19:44:26,94,23,Excellent,0.7388320064778731,True,2,10
164,685,187,2023-09-01T00:46:30,2024-01-22T02:44:43,63,12,Excellent,0.2516126197995516,False,2,10
165,549,66,2023-12-26T08:57:01,2024-07-25T00:13:44,162,16,Poor,0.8330680566954032,False,4,17
166,294,98,2024-02-12T00:01:56,2024-06-22T19:10:09,163,23,Good,0.181628322002907,True,5,6
167,305,18,2023-11-03T15:47:17,2023-09-02T02:28:52,23,49,Good,0.6880435134977929,True,4,19
168,873,480,2023-09-23T09:45:17,2024-05-15T04:42:42,66,19,Poor,0.3193317994279474,True,3,13
169,740,373,2023-11-15T02:12:53,2024-08-03T02:43:40,20,45,Excellent,0.9477111717338148,False,4,4
170,744,50,2023-12-08T18:45:31,2024-02-23T18:27:08,91,20,Good,0.7172790638599826,True,4,12
171,9,404,2024-02-14T00:53:53,2024-08-03T07:50:39,61,4,Poor,0.8231584147906318,False,5,4
172,987,62,2024-06-02T02:08:33,2024-05-29T17:37:24,53,13,Poor,0.6822690412981168,True,3,16
173,636,45,2024-06-25T08:20:58,2024-03-20T05:24:49,34,41,Excellent,0.4531707782722831,True,5,17
174,239,487,2024-03-14T21:16:34,2024-06-22T10:08:58,130,22,Excellent,0.0837836695604888,True,5,20
175,878,343,2023-11-01T02:25:27,2023-12-16T02:56:50,38,48,Good,0.7352222247632082,False,1,16
176,820,308,2023-10-09T20:39:58,2023-10-05T01:25:43,145,23,Excellent,0.4570890933993229,False,3,1
177,817,163,2023-09-22T16:36:25,2023-11-07T02:42:27,22,11,Excellent,0.7656036006607306,True,5,8
178,640,277,2024-05-26T16:19:03,2024-06-01T21:43:58,125,33,Poor,0.0600383220558924,True,3,10
179,735,74,2023-10-03T00:58:37,2024-07-12T23:09:35,30,16,Excellent,0.2788309460742659,True,4,8
180,830,67,2024-05-16T19:02:49,2023-12-16T05:55:42,95,33,Excellent,0.3387902844343351,False,5,1
181,650,412,2024-05-18T06:31:05,2024-06-10T12:30:09,31,46,Good,0.5427082088670483,False,1,11
182,118,345,2024-05-08T08:47:14,2024-08-01T18:28:01,73,7,Good,0.0935981684406838,True,3,16
183,13,20,2024-03-17T01:36:37,2023-10-12T13:51:00,38,39,Good,0.4339684918013873,False,1,1
184,3,119,2024-07-15T17:14:36,2023-10-20T21:14:57,154,4,Excellent,0.1950572845562925,False,4,15
185,584,32,2023-08-23T06:59:50,2023-09-09T16:11:35,30,50,Good,0.5162234468889861,True,2,19
186,300,92,2024-07-26T20:10:08,2023-11-06T07:02:47,113,50,Excellent,0.3381408801718639,True,1,8
187,852,30,2024-01-17T01:11:53,2024-02-10T23:08:12,131,19,Excellent,0.7295086064874702,True,2,9
188,149,473,2023-12-14T11:15:45,2024-05-17T22:57:45,140,17,Good,0.3941717811098104,True,3,5
189,90,405,2023-10-23T07:26:30,2024-07-12T04:40:18,150,10,Poor,0.1828993196635164,False,1,11
190,456,287,2024-01-29T15:27:16,2023-09-10T06:16:32,143,12,Poor,0.5780704891431105,False,4,19
191,380,65,2023-09-30T23:24:55,2024-04-08T10:09:46,59,38,Poor,0.6373794601311691,False,2,3
192,984,334,2024-03-24T01:04:19,2024-08-07T19:34:15,34,30,Good,0.6423628620799101,False,2,18
193,1000,75,2024-04-18T22:14:43,2023-08-27T17:57:17,37,17,Poor,0.5634931636502027,False,2,11
194,43,220,2024-08-06T01:44:45,2023-12-20T08:02:28,138,36,Excellent,0.8044337915708469,False,1,16
195,411,16,2024-07-27T18:38:23,2024-02-16T17:12:09,90,50,Excellent,0.2145828598785736,True,5,8
196,700,222,2023-09-03T04:41:46,2023-11-29T03:08:25,36,20,Good,0.9138085524726088,False,3,11
197,598,231,2024-02-07T10:34:42,2023-09-30T09:54:59,24,50,Poor,0.6001302446491527,False,2,14
198,186,276,2024-06-02T02:07:43,2024-05-13T12:06:10,109,2,Good,0.4179127737534676,False,1,12
199,29,67,2023-12-29T12:07:12,2024-07-04T20:05:11,35,10,Good,0.1734124631197046,True,2,17
200,430,307,2023-09-18T12:05:46,2023-12-08T15:45:44,44,26,Poor,0.3528666171580185,False,2,19
201,302,27,2024-04-15T12:50:56,2024-05-21T19:27:41,130,45,Good,0.235254776571945,False,3,10
202,325,161,2024-04-01T14:56:52,2023-12-15T07:01:07,86,1,Good,0.2361196324187143,False,1,9
203,638,140,2023-12-25T06:51:27,2024-04-25T09:57:46,122,6,Excellent,0.4139721214017847,True,3,13
204,470,183,2024-03-20T17:19:29,2023-09-08T06:07:18,165,43,Good,0.5075307763908408,True,5,11
205,976,442,2024-04-03T11:33:16,2024-03-14T16:03:07,143,11,Poor,0.7361507948619951,False,1,4
206,256,188,2023-09-22T07:45:39,2023-08-20T06:33:04,53,28,Excellent,0.9535497497082006,False,4,12
207,709,259,2023-09-10T01:30:14,2023-11-11T05:32:30,29,10,Excellent,0.260013459799118,True,1,8
208,698,246,2023-10-08T11:01:02,2024-07-23T23:50:10,101,44,Poor,0.2741999189164941,True,4,7
209,457,224,2023-11-12T00:47:14,2024-04-17T13:07:23,50,31,Excellent,0.4930278726613034,False,3,4
210,829,162,2024-03-20T22:26:40,2024-02-26T02:45:03,54,8,Poor,0.0018467922812512,True,2,8
211,996,35,2023-12-16T03:18:09,2023-11-02T14:02:24,176,6,Good,0.6234711264028725,True,4,11
212,125,298,2024-04-21T12:25:49,2023-12-14T09:06:58,154,20,Excellent,0.3764842715001208,True,5,4
213,373,256,2024-03-31T09:05:58,2023-10-18T22:02:12,84,44,Excellent,0.4601111660186016,False,2,18
214,528,2,2024-05-07T12:30:31,2024-02-08T22:33:52,172,2,Poor,0.0225474180520016,False,1,20
215,820,285,2024-02-21T16:39:04,2024-04-05T10:12:35,41,12,Poor,0.3937740959222914,True,3,16
216,906,275,2024-03-20T00:20:38,2023-09-13T01:16:23,41,31,Good,0.3028892812858933,True,1,16
217,921,460,2023-12-12T16:44:02,2024-06-02T07:48:36,27,33,Good,0.3579758663442975,False,2,8
218,339,492,2023-11-16T09:51:46,2023-09-08T17:52:01,16,39,Poor,0.2962912028777438,True,4,10
219,782,244,2024-04-04T00:53:43,2024-04-23T06:17:38,79,41,Good,0.2624661670562779,False,5,10
220,131,202,2023-11-29T07:58:20,2024-02-10T11:33:12,84,5,Poor,0.8149668905460654,False,1,20
221,283,103,2024-06-02T04:34:58,2024-06-11T10:16:52,165,22,Excellent,0.4495988936153571,False,3,4
222,465,48,2024-03-10T10:02:38,2024-03-03T00:19:53,108,1,Excellent,0.7536821590812873,False,5,8
223,55,34,2023-09-26T17:07:02,2023-08-16T22:58:47,84,45,Poor,0.6641130531570384,True,2,3
224,661,221,2023-12-13T03:53:52,2024-04-25T18:56:11,124,32,Excellent,0.2140564122904688,False,2,18
225,31,284,2024-06-18T06:14:14,2023-10-04T14:05:04,17,17,Excellent,0.8482155517318548,False,1,11
226,572,158,2023-12-10T20:34:33,2023-10-21T03:19:02,176,7,Excellent,0.4259244874706865,True,2,20
227,375,421,2023-08-19T22:59:51,2024-07-15T19:59:05,82,5,Excellent,0.6032359779693132,True,2,20
228,58,245,2023-11-13T18:24:22,2024-01-28T22:14:01,139,45,Poor,0.704499878790541,False,5,7
229,289,440,2023-09-04T11:26:55,2024-01-18T09:42:22,165,31,Poor,0.0798595852060104,True,5,9
230,959,61,2024-02-05T07:40:43,2024-02-19T03:01:57,149,6,Excellent,0.7919161198491114,False,2,5
231,944,335,2023-11-04T10:34:04,2023-09-04T19:04:47,106,22,Poor,0.6617323525299604,False,1,13
232,911,451,2023-09-23T12:03:23,2024-05-06T07:08:42,173,39,Poor,0.9050169034886124,True,4,15
233,565,91,2023-09-16T02:51:30,2024-01-18T17:07:13,83,3,Good,0.390149543155296,False,1,16
234,881,495,2023-09-13T02:33:26,2023-09-28T21:08:38,62,25,Poor,0.5178492210704869,True,2,14
235,109,214,2024-06-19T02:53:39,2024-05-22T16:17:57,115,26,Good,0.5761946954233224,True,4,6
236,849,277,2023-09-05T05:43:12,2023-12-21T13:22:08,169,33,Good,0.7294935175098866,True,5,3
237,545,226,2024-04-28T11:52:18,2024-03-02T15:15:18,39,34,Poor,0.0929626940591822,True,3,6
238,774,267,2024-05-28T10:25:25,2024-04-25T08:42:34,64,25,Excellent,0.2262049128115988,True,5,1
239,210,292,2024-02-19T11:58:23,2023-11-27T01:00:34,46,6,Good,0.155293595658159,False,4,2
240,648,321,2024-06-17T23:34:22,2024-02-17T00:22:32,113,6,Good,0.6919169157572519,True,3,17
241,415,207,2024-01-27T00:59:11,2024-04-06T23:52:45,87,49,Poor,0.1282867057141998,False,1,2
242,413,407,2023-09-06T16:02:15,2023-12-30T02:48:22,71,43,Good,0.7238650538641278,True,3,19
243,419,260,2024-08-04T00:50:56,2024-03-18T00:42:49,152,22,Good,0.497574568733752,True,5,17
244,753,223,2024-06-11T20:48:30,2024-01-25T07:23:56,39,30,Poor,0.0836793527311616,True,4,11
245,257,329,2024-07-04T22:27:59,2024-03-13T22:49:28,130,4,Excellent,0.6264869486125372,False,4,4
246,728,97,2024-07-16T11:14:28,2024-07-13T18:36:07,141,29,Excellent,0.9698333826650732,False,3,11
247,978,98,2024-07-01T12:59:27,2024-07-24T14:44:04,173,30,Good,0.480427369304374,False,1,14
248,846,400,2024-01-30T02:58:00,2024-06-30T20:53:54,88,9,Excellent,0.2100404831724762,False,1,1
249,457,340,2023-12-19T20:21:47,2024-02-22T21:59:25,119,4,Excellent,0.9915265245805952,False,2,11
250,846,260,2023-09-11T08:55:50,2024-01-23T11:59:36,107,21,Excellent,0.0542357385884832,False,1,18
251,560,111,2023-08-19T16:20:46,2023-10-05T16:18:42,73,49,Excellent,0.1937693222906823,True,4,11
252,108,427,2023-10-26T21:46:17,2024-01-21T10:11:54,38,22,Poor,0.9775548492131052,True,2,1
253,244,496,2023-11-09T05:13:04,2024-03-08T00:19:10,81,15,Excellent,0.9422741734597532,False,3,6
254,482,370,2023-10-24T12:41:40,2024-07-19T04:19:32,25,31,Good,0.3456540357621798,True,3,2
255,375,61,2024-06-14T20:47:06,2024-07-03T03:52:58,110,9,Good,0.2735853592657024,False,1,12
256,118,405,2024-04-17T12:02:59,2024-06-12T11:25:48,172,15,Excellent,0.4450014802635318,True,2,3
257,61,2,2023-09-06T13:18:05,2024-02-05T06:35:09,149,13,Poor,0.4674441115414355,True,3,13
258,981,121,2023-09-27T18:45:41,2024-02-04T07:30:04,12,36,Good,0.6759987085990303,False,1,18
259,822,47,2024-01-26T03:03:30,2023-12-12T10:22:58,150,14,Excellent,0.8426906287010572,True,3,10
260,966,6,2024-06-16T03:13:15,2023-12-04T07:13:24,74,19,Good,0.1891539173117533,False,5,19
261,406,445,2023-12-30T09:03:44,2024-03-21T23:30:20,101,41,Excellent,0.7873545149172075,True,5,17
262,757,160,2024-02-22T13:32:06,2024-04-25T13:00:58,180,38,Excellent,0.4847472560021535,False,4,5
263,681,38,2023-09-06T18:32:09,2024-04-24T03:45:06,23,47,Excellent,0.42394171980138,True,4,6
264,666,412,2024-05-19T05:47:51,2024-03-02T22:49:17,55,5,Good,0.9659781471008956,True,4,18
265,531,63,2024-06-02T20:11:49,2023-11-26T11:13:02,108,30,Excellent,0.8866203729183149,True,4,8
266,335,500,2024-04-17T16:54:09,2024-01-03T19:36:00,15,22,Poor,0.7447093231386872,False,2,7
267,728,301,2024-05-26T10:23:31,2024-01-05T05:51:58,45,29,Poor,0.0473406970571553,True,2,3
268,743,375,2023-10-28T04:22:04,2023-11-26T01:56:53,160,19,Good,0.0343860486828074,True,1,14
269,210,254,2023-11-24T21:59:20,2024-03-12T16:06:07,121,18,Excellent,0.2505547663928947,False,5,10
270,716,87,2024-03-19T12:01:51,2024-01-13T18:16:48,102,26,Good,0.3902028101452924,False,3,17
271,773,264,2024-07-25T22:11:54,2023-11-22T01:09:42,31,36,Good,0.6830602734478635,False,3,3
272,336,423,2024-04-14T08:00:30,2023-08-25T14:44:38,58,35,Poor,0.5099358874426279,False,2,2
273,455,220,2024-07-04T17:24:46,2023-11-24T14:06:01,122,30,Excellent,0.8883090878026034,True,2,17
274,684,404,2023-12-04T16:45:58,2024-04-25T10:38:49,165,7,Excellent,0.1372568152250036,True,1,6
275,87,498,2023-11-03T11:26:55,2023-12-25T04:19:16,48,39,Excellent,0.8461296609406139,True,5,18
276,69,352,2023-09-30T15:49:13,2024-02-03T03:22:36,23,1,Excellent,0.1451952999127304,True,2,15
277,50,45,2024-05-11T07:58:08,2023-09-28T02:09:26,33,20,Good,0.7547392934599113,True,2,15
278,703,78,2023-11-20T12:17:09,2023-10-12T17:26:23,93,25,Poor,0.3336270997745365,True,3,5
279,809,426,2024-02-08T16:43:47,2024-06-30T17:33:32,170,29,Poor,0.3742941288568049,False,1,9
280,806,422,2023-09-17T21:24:45,2024-07-23T19:14:36,37,21,Excellent,0.961499201680624,False,1,5
281,463,114,2023-08-23T12:46:02,2023-11-04T06:51:38,142,24,Excellent,0.2135594650632386,False,5,10
282,484,203,2024-03-29T08:37:24,2024-05-22T21:08:21,42,26,Poor,0.2969678426196686,False,2,10
283,625,484,2024-03-27T14:54:59,2023-11-07T21:29:21,174,48,Poor,0.6168755629327808,True,4,17
284,489,430,2024-06-18T14:17:28,2023-12-09T00:15:49,105,43,Excellent,0.3027335967918803,True,1,14
285,919,64,2023-10-27T04:33:41,2024-04-06T10:57:57,122,42,Poor,0.1718732891355175,False,5,9
286,973,60,2024-01-13T19:25:40,2024-04-20T07:48:21,59,18,Excellent,0.6112234825755837,False,2,4
287,907,47,2024-06-15T01:22:44,2023-10-11T10:03:26,134,14,Poor,0.4600280089348362,True,4,11
288,416,67,2024-05-29T20:44:22,2024-01-20T22:39:08,23,2,Poor,0.0431892936730614,False,2,11
289,710,483,2023-11-10T01:03:10,2024-04-15T13:43:45,41,45,Poor,0.265994328112762,False,5,13
290,718,27,2024-03-22T00:40:09,2024-05-09T12:35:43,112,17,Good,0.7365632625651806,True,1,19
291,699,12,2023-12-25T16:30:47,2023-09-02T20:52:19,165,46,Poor,0.6185681410610526,False,1,1
292,796,23,2024-04-11T18:41:56,2024-06-22T23:38:48,57,23,Excellent,0.0265341552555364,True,2,14
293,431,331,2024-05-04T14:20:29,2023-08-18T23:41:11,52,44,Poor,0.6620614202517656,True,3,4
294,416,336,2024-05-12T03:11:06,2023-10-12T07:52:04,105,25,Good,0.1120791945659953,False,5,3
295,807,431,2023-08-22T23:08:40,2024-01-25T06:45:41,60,34,Excellent,0.4079600041454413,True,1,11
296,879,128,2023-11-20T22:20:25,2023-08-15T22:15:08,51,15,Excellent,0.2225951629780612,False,3,6
297,59,189,2023-09-13T05:21:26,2024-03-23T19:50:59,14,49,Good,0.0305172847532819,True,2,18
298,136,387,2024-05-04T04:21:27,2024-05-19T13:13:47,165,47,Poor,0.4020169906540595,False,4,20
299,182,279,2024-04-10T18:34:59,2023-12-13T21:06:59,110,1,Excellent,0.7446774776742312,True,4,8
300,92,300,2024-04-23T10:32:52,2024-05-12T01:09:42,45,45,Excellent,0.6532862314722856,True,4,18
301,307,94,2024-07-13T14:35:04,2023-12-09T15:30:00,13,36,Excellent,0.518444548243031,False,3,9
302,244,310,2023-11-10T15:08:40,2024-01-18T13:23:14,48,8,Poor,0.8604051463453855,False,4,2
303,809,323,2024-05-06T13:19:55,2023-11-20T05:25:19,119,1,Poor,0.0035453776503561,False,1,8
304,18,415,2024-03-29T10:41:29,2024-06-08T06:46:16,139,25,Excellent,0.5690592044268148,True,3,3
305,948,235,2024-01-22T03:57:56,2023-10-09T03:28:51,74,7,Poor,0.6454316966258552,False,1,1
306,27,182,2023-09-26T00:30:31,2023-08-18T22:40:41,97,8,Good,0.0755529071148288,True,2,6
307,659,158,2024-03-28T21:20:28,2024-02-10T22:17:16,175,29,Poor,0.6356904264167681,True,2,8
308,607,73,2023-12-16T09:32:32,2023-12-18T10:43:58,174,34,Poor,0.5503545902949964,False,2,19
309,414,330,2024-02-12T14:01:35,2024-03-09T15:40:54,174,30,Good,0.9714216253927196,False,1,9
310,813,441,2024-03-03T17:57:47,2023-10-10T10:59:38,11,28,Good,0.2145255861234086,True,5,3
311,73,442,2024-07-14T13:53:12,2024-05-20T02:53:21,107,17,Good,0.722686816679169,False,2,15
312,710,241,2024-06-24T17:50:19,2024-05-04T20:21:03,75,41,Poor,0.0614029734073289,False,5,12
313,111,263,2023-10-15T12:38:40,2023-09-08T03:03:56,161,23,Excellent,0.0202402013094741,True,4,16
314,146,104,2024-07-26T03:46:07,2024-01-14T16:54:39,170,10,Good,0.1809621441207831,False,1,10
315,228,452,2024-06-30T19:48:45,2023-08-24T08:46:31,133,20,Good,0.7382581449451633,True,3,15
316,594,429,2023-10-31T20:48:26,2023-09-22T23:44:34,167,5,Poor,0.2266197063723444,False,3,12
317,472,70,2024-01-25T03:00:11,2024-03-05T15:01:10,90,33,Good,0.6122491275260029,True,1,17
318,279,473,2024-01-13T05:16:50,2024-07-26T20:13:04,17,30,Good,0.3240695129731267,False,2,10
319,454,438,2024-02-29T21:56:16,2024-04-09T08:00:48,154,5,Excellent,0.5685873329915215,False,2,17
320,43,281,2023-12-17T00:47:20,2023-12-12T19:31:09,36,18,Excellent,0.6864325535904845,True,4,11
321,30,478,2024-03-18T07:00:23,2024-04-07T05:18:05,122,20,Poor,0.8027420376714138,False,4,13
322,307,315,2023-08-20T05:29:35,2024-08-08T12:52:56,154,19,Poor,0.1086136522106782,True,3,10
323,375,374,2023-12-24T08:14:37,2024-04-09T06:30:39,35,4,Good,0.3828585713981338,False,5,14
324,42,200,2024-02-21T21:27:15,2023-10-04T16:28:05,125,10,Good,0.6844185272425152,False,5,11
325,837,487,2024-06-13T11:20:43,2024-03-30T13:57:39,89,20,Excellent,0.2206104346422435,True,5,19
326,457,471,2024-01-05T08:41:53,2024-01-27T08:50:46,39,9,Excellent,0.2204331061857752,False,2,4
327,578,154,2024-04-29T11:26:29,2024-01-17T20:17:11,39,5,Good,0.4641646043499652,True,3,4
328,922,182,2023-12-10T13:09:49,2024-06-03T02:20:56,114,26,Poor,0.5843397431507216,True,1,1
329,216,141,2024-04-27T06:43:06,2024-01-10T20:31:19,51,16,Poor,0.9355319968893344,False,5,17
330,876,315,2023-08-19T06:25:11,2024-06-21T15:10:46,87,23,Poor,0.4735737725848882,True,5,9
331,464,174,2023-12-20T12:55:36,2023-10-14T22:56:47,135,5,Good,0.5844739396516827,True,3,9
332,562,389,2024-04-22T03:28:27,2023-12-11T23:19:20,61,18,Excellent,0.8303837398769655,True,1,8
333,689,321,2024-07-20T04:23:18,2023-09-07T22:41:39,22,35,Excellent,0.6970848532253902,False,1,5
334,591,131,2023-10-28T06:11:22,2024-08-05T00:49:05,63,48,Excellent,0.4404666038268681,True,5,20
335,686,321,2023-09-20T19:58:28,2024-08-11T22:56:03,38,29,Good,0.2381003809986414,False,3,11
336,105,167,2023-08-24T14:53:24,2023-09-01T04:16:26,12,1,Poor,0.6709588100468121,False,4,2
337,102,413,2023-11-10T04:48:54,2023-11-29T01:28:34,42,34,Excellent,0.2651443383234232,False,2,13
338,983,259,2024-07-17T13:13:23,2024-04-28T09:13:41,131,3,Good,0.4384171872022626,True,2,8
339,110,109,2024-02-02T17:49:57,2023-12-12T11:07:57,142,34,Excellent,0.2858876502357957,True,2,9
340,535,8,2023-10-20T04:35:01,2023-12-12T06:09:46,176,33,Excellent,0.1479674200334777,True,3,13
341,348,450,2024-03-27T06:53:22,2024-04-29T11:00:02,178,47,Poor,0.6127972292587668,False,2,1
342,237,313,2024-07-18T23:07:04,2023-12-21T00:45:21,115,38,Good,0.9839028031333266,True,3,18
343,91,76,2024-06-11T03:15:12,2024-08-02T04:08:05,22,45,Excellent,0.3919836760237715,False,1,18
344,24,175,2024-05-09T20:43:03,2024-04-10T02:57:29,137,22,Good,0.1360723583366863,False,3,19
345,504,483,2024-07-02T02:37:54,2024-04-23T01:20:38,86,32,Poor,0.1085772106719129,False,2,8
346,713,156,2024-05-09T10:59:36,2024-02-07T14:58:43,142,49,Poor,0.5080430545524927,False,3,13
347,836,450,2024-03-10T07:27:32,2024-08-11T17:51:47,121,13,Excellent,0.93196682176682,False,2,11
348,452,263,2024-07-26T19:37:47,2024-03-22T07:08:45,84,18,Poor,0.4604475189637058,False,4,8
349,157,397,2024-07-19T15:39:15,2023-12-08T06:42:33,128,13,Good,0.1601126185294412,True,5,18
350,844,458,2023-12-28T16:18:35,2024-05-22T15:37:19,26,42,Excellent,0.4891652582004991,True,4,13
351,728,111,2023-12-20T03:38:49,2024-04-09T08:07:46,170,30,Good,0.8690525555279278,False,1,7
352,853,338,2024-02-10T02:30:45,2023-08-26T15:05:35,136,11,Good,0.3834188097688904,True,4,18
353,101,60,2023-10-30T01:58:39,2023-09-02T08:18:24,96,18,Poor,0.6904597684253847,True,3,12
354,876,214,2024-07-29T00:15:51,2023-10-15T18:21:55,57,34,Excellent,0.8496735467018026,True,3,17
355,744,303,2023-11-28T20:23:57,2023-10-09T00:32:30,51,8,Good,0.3862153367361407,False,5,3
356,614,346,2024-01-08T01:42:18,2023-12-03T01:13:44,112,13,Poor,0.4806463870766542,False,2,8
357,31,148,2023-09-24T03:16:40,2023-12-28T09:30:26,21,1,Good,0.1912392879538272,False,2,1
358,801,353,2024-07-29T08:18:21,2024-01-05T13:28:10,157,24,Poor,0.133828073195843,True,5,1
359,185,172,2024-04-14T12:06:42,2024-07-04T13:06:10,38,36,Poor,0.2217863923792908,True,5,9
360,728,449,2024-06-05T16:20:29,2023-11-18T00:10:44,154,6,Good,0.8727372920103388,False,2,11
361,388,273,2024-02-11T07:10:40,2024-07-11T19:49:46,153,42,Good,0.1191671480707509,False,4,17
362,724,375,2023-11-27T18:13:20,2023-09-25T02:34:23,166,15,Good,0.4923400729989272,True,4,1
363,573,20,2024-06-04T12:19:29,2024-08-08T15:15:41,169,37,Good,0.9465065725782364,False,4,17
364,41,428,2024-03-27T06:34:56,2023-11-09T10:29:18,10,48,Good,0.8737455259056777,True,5,5
365,448,195,2024-01-18T21:20:56,2024-03-20T21:15:36,162,36,Excellent,0.749833378959377,True,1,13
366,10,304,2024-01-28T14:19:22,2023-09-23T08:47:24,24,20,Poor,0.5928817154447029,True,1,17
367,331,255,2023-08-23T10:31:09,2024-06-19T08:57:17,30,19,Poor,0.7509694048389971,True,4,4
368,826,217,2023-12-26T18:18:36,2023-12-19T15:56:36,98,7,Excellent,0.4472888766786747,False,5,6
369,381,424,2024-01-04T17:54:17,2024-06-22T02:47:41,26,41,Excellent,0.0263349991254834,True,3,7
370,925,75,2023-12-14T18:25:44,2024-05-11T03:13:46,74,36,Poor,0.0120344877101392,True,1,17
371,121,29,2024-02-13T16:43:55,2023-09-20T13:17:41,85,45,Poor,0.0334156927822196,True,2,18
372,142,250,2023-10-15T15:27:34,2024-02-18T14:21:58,165,1,Excellent,0.3955249555990549,False,1,6
373,767,208,2023-09-20T11:48:13,2024-01-12T08:22:20,80,23,Good,0.5049476536101828,False,3,19
374,61,292,2024-02-12T18:15:03,2024-06-24T01:12:00,98,3,Good,0.4694068891865726,False,3,4
375,128,264,2024-03-29T20:47:35,2024-03-22T16:57:31,67,1,Excellent,0.8178726953931638,True,2,17
376,576,438,2024-07-15T23:14:29,2024-06-23T04:32:14,82,48,Excellent,0.966781712738472,True,4,10
377,744,324,2023-09-13T08:19:50,2023-11-28T02:23:54,82,11,Excellent,0.200173206468573,False,4,18
378,837,481,2024-04-30T07:29:18,2023-09-22T16:39:35,152,6,Poor,0.6841980536645255,False,2,19
379,418,284,2024-07-19T10:32:54,2024-07-14T14:54:06,20,45,Excellent,0.9334721575901112,False,4,11
380,83,158,2024-02-09T22:30:22,2024-08-07T07:18:26,153,36,Poor,0.9781008385535678,False,1,15
381,188,412,2023-12-04T14:29:24,2023-09-04T10:38:21,85,47,Poor,0.5840289980538759,True,3,1
382,850,387,2024-05-04T13:18:22,2024-01-15T09:00:24,171,2,Poor,0.9048267152097024,False,5,19
383,815,161,2024-03-19T22:29:23,2024-04-25T08:33:42,100,28,Excellent,0.4138080134130688,False,4,18
384,971,87,2024-06-19T07:58:22,2024-05-05T07:32:04,124,31,Excellent,0.7451622424245773,False,1,8
385,789,317,2024-01-31T17:40:14,2024-08-05T10:56:11,93,23,Excellent,0.840646730007247,False,3,16
386,249,164,2024-06-07T16:36:52,2024-02-02T11:32:39,31,50,Excellent,0.0193373639045698,True,4,6
387,434,64,2024-03-07T13:22:33,2024-07-01T09:21:31,108,46,Good,0.196028176297301,False,3,14
388,241,420,2024-01-05T23:46:32,2024-05-15T07:57:42,153,8,Poor,0.1199941567458757,True,1,5
389,610,459,2024-05-08T21:05:33,2024-03-20T21:22:30,55,5,Good,0.152432285235498,True,5,6
390,371,201,2023-09-28T20:05:00,2023-08-15T20:54:22,166,45,Good,0.5459933370917643,False,5,9
391,141,384,2024-02-09T13:15:48,2024-04-30T07:54:30,78,35,Good,0.4341422894960273,True,4,8
392,154,44,2023-12-18T09:42:14,2024-03-10T16:18:40,134,32,Good,0.0433073868512886,False,2,11
393,161,246,2023-11-12T04:47:02,2024-06-16T08:08:02,171,34,Good,0.4850877175438776,False,3,13
394,290,70,2024-07-29T20:27:14,2024-01-16T03:38:04,78,39,Poor,0.2876001335008918,False,3,11
395,468,375,2023-10-05T20:55:47,2023-10-27T10:07:52,13,21,Excellent,0.3896496230012415,True,5,7
396,127,203,2023-12-12T20:32:30,2024-02-08T05:19:50,166,8,Excellent,0.0109237528042122,True,4,8
397,38,35,2024-01-12T21:41:05,2024-04-25T01:31:10,106,12,Poor,0.2085124849724531,False,4,10
398,95,287,2023-08-23T15:46:02,2024-05-27T06:44:18,33,36,Excellent,0.6156895133143077,True,5,7
399,55,115,2023-09-19T15:21:33,2023-12-19T09:34:43,170,45,Excellent,0.7170710587106703,True,5,17
400,816,361,2023-12-06T22:56:59,2023-10-26T18:33:43,131,38,Good,0.9544029578431404,False,5,15
401,396,148,2024-06-08T01:37:44,2023-10-11T17:45:58,51,1,Good,0.8715285046059931,True,3,4
402,908,10,2023-12-01T12:46:19,2024-06-16T12:13:04,142,26,Good,0.635478106354775,True,5,20
403,214,354,2023-12-26T17:36:41,2023-08-27T06:54:37,174,17,Good,0.86361160894488,True,4,1
404,548,216,2023-10-17T06:40:01,2023-12-05T17:28:52,134,34,Good,0.7123073933619407,True,5,13
405,961,86,2023-09-24T20:59:08,2024-02-13T04:24:24,135,30,Good,0.3599835101138001,True,2,17
406,338,110,2024-01-03T03:15:49,2023-10-01T03:04:49,88,32,Excellent,0.8441157277691299,True,2,14
407,916,269,2023-11-04T10:54:07,2024-05-12T12:51:55,54,12,Excellent,0.5134820441324426,True,3,3
408,176,249,2024-02-22T15:09:56,2024-03-29T16:08:25,174,46,Good,0.9119310148870892,False,3,6
409,733,306,2024-07-12T00:37:44,2024-04-18T06:18:07,45,38,Good,0.2572591358947987,True,2,12
410,730,242,2024-01-25T07:47:32,2023-09-24T16:16:21,98,43,Excellent,0.5748004181172084,True,3,15
411,101,71,2024-06-29T07:34:44,2023-08-28T06:25:08,144,25,Excellent,0.6144151489552685,False,4,12
412,846,430,2024-03-08T11:10:05,2023-11-28T20:27:15,142,44,Poor,0.2286830320509846,False,5,14
413,929,416,2023-11-16T04:53:57,2024-05-18T04:38:56,135,18,Good,0.3474488266778546,False,2,4
414,943,256,2024-03-01T01:44:39,2023-09-20T02:24:01,141,19,Good,0.7435152724157587,False,3,6
415,63,300,2024-02-19T10:37:20,2024-03-21T07:41:59,38,3,Excellent,0.1737621967982368,False,5,16
416,707,76,2024-05-06T11:39:17,2024-08-08T09:15:52,171,26,Excellent,0.7021802762181041,True,1,14
417,75,166,2024-07-20T11:40:51,2024-05-30T05:26:32,82,14,Poor,0.3737874942023017,False,3,8
418,748,377,2024-01-05T23:37:48,2024-04-06T20:11:21,18,3,Excellent,0.5661462250086006,True,3,11
419,548,337,2024-01-25T04:00:47,2024-03-22T06:52:54,55,18,Excellent,0.3607260370243658,False,2,5
420,507,357,2023-09-04T03:35:32,2024-07-08T10:53:26,88,33,Good,0.8939720006493539,True,5,12
421,689,419,2023-10-18T21:28:20,2024-08-05T11:52:09,17,19,Excellent,0.0785106720112002,False,2,1
422,758,449,2023-11-23T13:07:18,2024-05-22T20:24:02,33,39,Excellent,0.4803687280704394,True,4,6
423,592,145,2023-12-15T07:15:05,2023-08-27T07:10:05,135,50,Excellent,0.3462621246433959,True,4,11
424,742,41,2024-02-23T18:34:19,2024-01-14T02:41:37,73,34,Excellent,0.5195885577061674,False,1,4
425,203,444,2024-08-06T20:43:48,2024-05-12T09:33:50,97,12,Good,0.2428518389964872,False,3,4
426,915,352,2023-08-27T20:15:33,2023-10-18T08:50:16,151,1,Poor,0.1433688279256634,True,3,5
427,596,143,2024-07-26T06:27:41,2023-12-29T02:58:42,127,14,Poor,0.628543403417554,False,5,13
428,228,383,2023-09-03T17:58:19,2023-10-26T13:15:41,86,49,Poor,0.647270077372859,True,2,11
429,850,469,2023-12-06T10:17:15,2023-10-18T03:10:02,88,23,Good,0.5570359327966692,True,2,8
430,606,28,2024-08-10T23:59:35,2024-02-03T12:11:23,53,29,Poor,0.3607998643162922,True,2,15
431,949,117,2024-06-13T19:07:14,2024-04-14T04:21:00,170,10,Poor,0.9164184104961268,True,2,13
432,283,394,2024-01-02T13:14:34,2024-05-04T12:22:14,101,28,Excellent,0.5155834864658567,True,5,14
433,531,356,2024-02-02T05:19:40,2024-01-16T01:52:48,95,48,Good,0.0926056400488003,True,2,11
434,907,80,2024-03-10T12:04:08,2023-10-15T12:10:36,179,13,Excellent,0.8885918318173182,False,5,10
435,836,453,2023-08-23T06:33:36,2023-11-09T04:23:15,28,42,Excellent,0.1455562611323501,False,4,4
436,549,372,2024-08-01T18:22:30,2023-12-06T22:42:58,115,40,Good,0.8040128726956028,True,5,17
437,97,333,2023-10-16T22:58:11,2024-01-09T16:37:41,136,1,Good,0.5690469189234407,False,1,11
438,180,452,2023-10-14T19:20:57,2023-11-27T23:28:22,180,5,Good,0.5538211485244029,False,4,5
439,341,362,2024-07-28T13:01:17,2024-04-16T16:33:41,167,42,Poor,0.6200795127491571,False,3,1
440,883,496,2024-05-31T09:19:39,2024-06-13T02:19:33,144,5,Good,0.866289239037046,True,4,1
441,922,380,2024-05-31T22:26:21,2023-09-12T22:07:04,157,16,Poor,0.5726695306455534,True,1,16
442,340,410,2023-10-26T08:45:27,2024-01-09T06:46:07,171,41,Good,0.2881469809467613,False,3,13
443,561,301,2024-06-26T11:51:34,2024-05-02T08:13:05,58,7,Good,0.420702150614796,False,2,6
444,51,286,2023-11-18T07:48:41,2024-02-05T03:41:13,128,47,Poor,0.0090901794209611,False,5,6
445,837,349,2024-03-08T23:28:39,2024-01-20T06:15:44,46,23,Good,0.1887839530110556,True,2,9
446,603,410,2024-07-07T08:10:30,2024-01-09T15:03:31,91,48,Good,0.2793111876722852,True,2,10
447,241,15,2024-07-07T15:53:41,2024-07-26T09:40:22,140,42,Poor,0.2671864763304965,True,4,2
448,749,426,2024-05-30T13:33:47,2024-06-24T22:18:54,133,39,Poor,0.2218348155586104,True,3,5
449,727,84,2023-11-01T07:43:46,2023-09-11T18:12:53,125,14,Good,0.4600562595422498,True,4,3
450,365,287,2023-11-30T07:06:53,2023-10-16T11:17:08,48,30,Excellent,0.6104655749722504,True,4,2
451,850,308,2024-05-28T06:45:08,2024-01-27T20:10:35,68,37,Poor,0.7087547045916007,False,1,19
452,370,218,2024-01-02T22:40:15,2023-10-01T03:55:08,62,35,Good,0.8845068630291931,True,3,7
453,177,314,2024-03-10T23:58:03,2024-01-28T07:05:32,161,16,Poor,0.4629128211698134,False,4,15
454,834,327,2024-06-30T02:28:23,2024-05-08T21:31:59,72,42,Excellent,0.0278469181756959,False,5,10
455,57,10,2023-12-23T17:18:22,2024-04-09T11:27:16,157,36,Excellent,0.2029310168589326,True,4,9
456,430,302,2024-01-25T08:18:01,2024-07-19T03:23:49,82,46,Poor,0.5177525351236264,True,4,7
457,38,442,2024-07-06T21:18:50,2024-02-22T04:13:52,172,6,Poor,0.6658545841155166,True,1,11
458,250,62,2023-11-29T15:18:21,2024-07-09T10:13:27,54,3,Good,0.2378995859853849,True,5,17
459,768,36,2023-10-11T05:21:10,2024-05-05T06:28:13,45,30,Poor,0.0719601472980824,True,5,4
460,502,220,2023-11-14T05:47:27,2024-03-04T23:37:58,43,34,Poor,0.6292557629371796,False,4,9
461,864,445,2024-07-29T08:29:40,2023-12-14T04:19:22,17,37,Poor,0.6726515529558522,True,5,15
462,43,315,2024-07-18T13:09:15,2024-06-21T13:31:58,140,43,Excellent,0.1244401561743249,True,3,19
463,627,223,2023-10-06T08:43:21,2024-03-23T04:27:28,142,12,Poor,0.6525408247232948,False,1,2
464,588,21,2024-02-11T08:14:00,2023-09-17T18:03:41,115,40,Poor,0.1097487439473295,True,4,2
465,370,144,2023-11-18T17:20:36,2024-02-19T10:50:08,98,10,Good,0.6964725442882961,True,2,3
466,946,220,2024-07-26T18:42:56,2023-11-02T17:26:47,164,41,Excellent,0.634872253203675,True,1,11
467,724,56,2024-02-05T20:50:02,2024-03-20T12:39:37,104,32,Poor,0.7761108111321832,True,3,15
468,649,12,2023-12-06T00:57:24,2024-04-17T08:22:01,62,13,Poor,0.2322457413109505,True,2,5
469,965,488,2024-07-20T20:06:28,2024-01-01T00:40:25,45,11,Good,0.5765476453916637,True,3,14
470,607,473,2024-02-20T10:57:56,2024-07-23T00:34:32,147,3,Good,0.4699070162256413,True,1,15
471,283,153,2024-05-31T00:24:22,2023-09-23T04:21:45,28,1,Poor,0.3741955690400592,True,2,15
472,517,57,2023-10-28T15:19:55,2024-08-10T12:27:17,60,24,Excellent,0.225210938181809,False,2,15
473,39,165,2024-03-13T18:48:29,2023-12-03T23:52:27,135,49,Poor,0.7507772126464144,True,3,19
474,987,158,2023-11-10T20:25:59,2024-07-18T10:22:24,83,23,Poor,0.6149560175997969,False,5,11
475,867,102,2024-03-12T14:48:00,2023-12-28T05:30:56,45,32,Poor,0.5928579791435146,True,2,20
476,429,480,2024-07-28T11:07:59,2024-03-09T15:54:58,22,50,Excellent,0.8765098509771193,True,1,3
477,299,377,2023-09-12T07:25:30,2024-06-28T18:27:51,144,32,Excellent,0.8365483324009216,False,3,4
478,634,62,2023-11-30T01:33:05,2023-12-18T17:45:06,133,46,Good,0.3310351083560922,False,1,16
479,991,385,2023-09-25T04:32:12,2023-10-10T11:28:47,112,15,Good,0.011749800033203,False,3,1
480,751,453,2024-06-25T17:02:28,2023-09-04T05:28:57,29,43,Good,0.8582580316425182,True,1,11
481,58,383,2024-02-11T00:46:44,2024-04-29T20:10:54,51,48,Poor,0.073203140337807,True,1,4
482,246,424,2024-03-22T15:34:23,2023-10-06T02:13:16,53,39,Poor,0.7506697548537753,False,4,13
483,225,274,2023-11-27T13:52:59,2024-04-06T09:58:03,93,36,Good,0.6756875182289229,False,4,5
484,697,186,2024-07-25T05:53:40,2024-06-03T05:14:35,36,19,Excellent,0.2308910529832222,False,4,11
485,302,51,2023-08-19T09:51:46,2023-09-01T09:55:07,72,10,Good,0.883678482238522,True,3,7
486,912,211,2024-06-21T16:41:22,2023-08-14T21:57:45,124,46,Good,0.1150714592735177,False,5,8
487,123,110,2024-05-01T14:34:53,2023-11-26T06:55:33,35,35,Poor,0.9009791155562517,False,1,16
488,273,8,2024-06-20T01:12:36,2023-11-25T04:18:53,102,2,Good,0.8007023211977069,False,1,9
489,837,139,2023-08-21T03:09:15,2023-11-05T16:19:59,104,42,Poor,0.3972429264585941,True,4,5
490,773,153,2024-04-30T22:45:55,2024-04-05T23:05:12,35,46,Excellent,0.5268545682982589,False,2,17
491,164,313,2023-12-01T16:19:55,2023-10-31T20:41:36,40,5,Poor,0.7368528699111825,True,3,6
492,485,182,2024-05-08T16:31:09,2024-07-29T05:33:30,109,41,Excellent,0.2022156182530429,True,3,18
493,335,380,2024-02-22T09:57:13,2024-06-21T18:50:06,123,25,Poor,0.5036877299475566,False,2,4
494,204,371,2023-12-13T01:25:38,2024-07-23T23:01:37,91,33,Good,0.0777457425007939,False,1,9
495,139,262,2023-11-10T14:53:01,2024-07-15T09:29:09,94,16,Good,0.7774025519031321,True,5,6
496,477,120,2024-01-27T05:21:22,2024-01-25T17:20:30,102,38,Excellent,0.3974115263524818,True,5,4
497,136,365,2024-05-19T19:58:42,2023-10-20T04:10:50,80,42,Poor,0.3677391071198443,True,3,9
498,656,16,2024-08-09T06:02:56,2023-08-19T01:12:42,171,46,Poor,0.9873775294395268,False,5,1
499,481,206,2023-10-10T18:23:45,2023-10-06T19:12:24,11,6,Good,0.5634119820959034,False,5,4
500,469,333,2024-04-02T08:41:36,2024-05-06T01:35:58,20,29,Good,0.7540636907337559,False,3,9
501,573,286,2024-05-07T19:01:22,2024-02-02T20:59:58,125,39,Excellent,0.5500543988912165,True,2,13
502,732,381,2023-12-18T09:06:21,2023-10-22T20:28:26,82,46,Poor,0.9976027551100102,True,3,6
503,379,219,2023-12-09T15:47:12,2023-10-03T15:46:14,154,23,Good,0.5411031968754865,True,1,10
504,379,294,2024-05-26T20:11:37,2024-07-18T03:20:18,127,5,Good,0.0079927847951537,False,4,17
505,992,318,2024-03-24T16:05:04,2024-04-04T03:11:52,89,34,Good,0.1918128884215738,False,4,3
506,25,260,2024-05-16T17:57:33,2023-10-09T12:30:55,15,28,Poor,0.3698854290351421,True,4,8
507,353,203,2024-03-05T09:11:53,2024-06-11T13:40:25,136,13,Poor,0.211465576625714,False,3,10
508,391,309,2023-12-29T07:27:20,2023-09-24T23:45:12,123,2,Excellent,0.108392969396122,False,3,6
509,698,211,2023-10-22T17:01:25,2024-04-30T09:56:08,18,20,Poor,0.7452568916834164,False,2,1
510,474,193,2024-02-11T19:18:32,2024-01-24T07:20:40,46,11,Poor,0.7104792911711657,False,3,10
511,696,307,2024-05-01T06:02:11,2023-08-15T10:13:21,174,17,Excellent,0.9007853554840702,True,1,4
512,391,10,2023-11-08T11:34:05,2024-08-08T22:41:57,32,24,Good,0.7376252110765013,True,1,4
513,192,416,2024-04-24T07:35:47,2024-08-08T05:34:04,41,35,Excellent,0.2009074096930064,False,3,14
514,274,191,2023-09-04T12:22:41,2023-12-10T03:23:21,88,4,Poor,0.4228564218066537,False,3,20
515,645,141,2023-11-19T17:08:31,2024-03-03T04:26:18,26,43,Poor,0.6993665964383528,True,3,4
516,138,235,2024-08-01T00:00:48,2024-03-29T20:47:37,132,48,Excellent,0.6434931598261953,False,2,3
517,744,479,2024-01-11T01:18:26,2023-12-12T19:59:19,158,35,Poor,0.2410946850472217,False,5,3
518,825,29,2023-11-24T14:45:57,2023-09-09T13:01:45,52,19,Poor,0.3272860070519688,True,4,9
519,860,35,2024-05-20T06:51:04,2023-10-05T07:05:13,101,24,Poor,0.5328153319557329,True,2,14
520,544,334,2023-08-18T10:15:49,2023-10-02T08:14:58,124,14,Poor,0.0792255998936017,False,5,8
521,293,280,2023-09-25T16:47:47,2023-12-25T09:00:12,55,14,Excellent,0.4801452472993286,False,2,6
522,850,96,2023-12-26T07:35:25,2024-03-14T05:07:23,104,39,Excellent,0.8322104128440463,True,4,12
523,69,239,2023-12-14T21:11:14,2024-01-04T14:51:23,69,1,Excellent,0.8054883010006907,True,2,11
524,427,438,2024-01-11T17:37:17,2023-09-15T05:36:55,124,18,Excellent,0.8341704751226471,True,1,14
525,343,71,2024-03-03T04:50:04,2023-12-13T05:42:02,113,20,Excellent,0.1382127743462209,False,5,8
526,85,59,2024-05-10T22:19:39,2024-08-02T11:11:41,144,14,Excellent,0.8362014819913782,True,4,17
527,914,251,2024-08-09T21:22:49,2024-01-18T18:26:42,43,46,Poor,0.458797699154405,True,5,6
528,151,343,2024-07-30T02:21:31,2023-12-23T03:43:40,28,48,Poor,0.5150634135490618,True,1,13
529,645,88,2023-09-27T00:56:06,2024-06-19T00:05:21,175,7,Poor,0.4063804040673441,True,4,17
530,614,5,2023-10-09T04:47:32,2023-09-09T22:55:41,126,6,Good,0.7025884567197173,False,5,4
531,693,231,2024-03-20T15:58:22,2023-09-16T20:56:45,83,49,Good,0.0079215004508712,True,1,6
532,803,269,2024-05-01T20:38:21,2024-06-19T08:50:47,146,5,Excellent,0.5247095095215168,True,2,20
533,696,64,2024-03-27T13:51:28,2024-01-28T01:57:51,90,2,Excellent,0.4369143414342004,False,5,3
534,965,332,2024-02-28T04:03:26,2024-02-15T10:40:01,146,11,Poor,0.2510908838119802,True,4,10
535,50,262,2023-08-26T13:03:23,2023-10-05T08:52:55,37,6,Excellent,0.0551591437754688,True,3,9
536,407,168,2024-08-08T03:14:14,2024-01-26T17:18:28,140,20,Good,0.4868995423929161,True,1,8
537,861,452,2024-08-12T11:43:35,2023-11-11T13:08:50,175,28,Poor,0.5968322939600781,True,3,15
538,827,381,2024-05-27T09:35:52,2024-07-10T16:55:36,11,36,Good,0.2707327414775117,False,3,3
539,978,219,2023-10-08T09:01:27,2023-10-18T04:05:47,17,26,Excellent,0.8622852973574717,True,2,4
540,65,327,2024-08-12T23:21:22,2024-03-12T10:20:07,178,13,Good,0.9127428074445652,True,5,4
541,226,10,2024-07-12T00:04:41,2023-10-08T13:34:38,77,45,Good,0.2341815413158734,False,5,16
542,380,60,2023-09-21T11:28:13,2024-01-23T14:27:09,152,44,Excellent,0.6502179329930848,True,3,17
543,223,471,2024-03-26T10:13:48,2024-01-18T09:49:17,120,25,Good,0.9064193490860702,False,2,17
544,973,33,2024-06-23T02:30:00,2023-09-01T20:20:53,166,40,Good,0.2182443496150699,True,3,15
545,507,58,2024-02-16T05:09:39,2024-06-28T20:54:12,136,22,Excellent,0.0544193304939576,True,2,17
546,50,350,2024-02-02T17:07:25,2023-10-05T15:41:34,63,34,Poor,0.6094555473266935,False,1,19
547,557,495,2023-08-19T19:18:04,2023-11-09T04:33:36,27,41,Poor,0.5011995961840132,True,2,15
548,201,306,2024-01-09T07:35:45,2024-01-14T07:02:45,48,28,Good,0.1653044312567767,False,1,15
549,171,386,2024-05-07T22:52:19,2023-10-24T04:58:30,11,8,Poor,0.0903677857712357,False,3,10
550,389,367,2023-11-30T23:55:53,2024-03-20T23:34:21,146,21,Excellent,0.2472586853616729,False,3,10
551,436,115,2023-12-30T09:26:40,2024-04-27T08:47:25,43,18,Good,0.9324106231353826,False,2,18
552,878,319,2024-03-06T22:01:09,2024-03-23T18:20:39,132,37,Good,0.8149349827064668,False,4,9
553,800,216,2024-07-03T12:49:38,2023-09-28T05:14:12,178,38,Good,0.5673238614864015,False,1,1
554,761,374,2023-11-10T14:31:10,2024-03-18T17:49:41,165,47,Excellent,0.1105180836071004,False,2,2
555,59,364,2023-12-23T06:12:34,2024-05-03T06:07:17,92,9,Good,0.6125795872247652,True,5,12
556,534,65,2024-07-15T23:42:53,2023-12-21T19:12:35,14,34,Good,0.5614938516654604,True,3,20
557,630,83,2023-12-19T07:00:27,2024-02-05T08:15:22,161,46,Poor,0.6418773858489427,True,5,16
558,834,339,2023-09-09T07:30:05,2024-08-01T16:33:53,115,39,Excellent,0.0489177245862775,True,2,17
559,222,389,2024-06-22T17:38:44,2023-12-11T17:14:42,80,8,Good,0.2071631437932417,True,4,3
560,678,321,2024-06-09T01:04:30,2024-05-11T00:47:34,12,27,Poor,0.1564870059678199,False,1,4
561,664,231,2024-07-31T17:43:17,2023-10-05T06:35:47,75,19,Poor,0.3652011529151844,True,2,4
562,26,321,2023-09-03T21:35:39,2023-10-31T02:15:38,144,20,Good,0.8538499799190284,True,5,6
563,358,281,2024-06-13T17:11:32,2023-10-01T13:06:17,115,16,Good,0.4595343932666365,False,4,15
564,987,188,2023-11-24T17:19:36,2023-12-08T13:00:36,51,26,Good,0.9214646337142804,False,5,9
565,230,320,2024-07-31T00:07:35,2024-06-21T23:26:38,56,11,Poor,0.4917906464053458,False,1,6
566,221,392,2023-09-22T14:09:09,2023-11-22T03:02:21,160,14,Excellent,0.1525468571354878,True,4,11
567,233,11,2024-05-20T06:58:53,2024-01-11T13:09:26,132,40,Good,0.0547369840466287,False,2,14
568,1,111,2024-07-14T15:45:06,2023-09-22T00:52:48,103,25,Poor,0.1309493016535851,False,2,8
569,209,241,2023-09-19T23:50:33,2024-06-04T22:47:13,38,39,Good,0.564775434308073,True,5,8
570,993,306,2024-05-04T15:14:08,2024-02-06T05:57:51,43,21,Poor,0.2970262987328149,False,5,9
571,970,110,2023-10-22T17:31:38,2023-09-23T02:31:27,77,31,Poor,0.440677015185399,False,2,1
572,983,422,2024-04-24T03:00:41,2023-10-13T04:58:23,51,44,Excellent,0.9161674650521332,False,4,19
573,240,319,2024-07-21T06:59:43,2024-02-07T02:35:59,178,42,Good,0.9956910927343507,True,2,4
574,159,334,2023-08-25T17:47:17,2024-06-08T16:25:55,14,13,Good,0.7970381991950526,True,1,3
575,38,198,2024-04-05T16:35:44,2024-06-08T02:45:29,30,35,Good,0.2872396628138163,False,5,17
576,960,133,2024-05-07T03:23:56,2023-10-31T00:58:40,123,29,Good,0.3696486866186417,False,2,1
577,981,17,2024-03-14T01:12:16,2024-06-12T05:08:36,155,43,Poor,0.7255665551790391,False,3,3
578,937,477,2024-01-20T05:40:59,2024-07-14T11:33:56,31,5,Poor,0.2178852950735882,True,1,8
579,581,10,2023-11-19T08:40:24,2023-10-25T21:04:52,45,4,Good,0.8872208106162262,False,4,15
580,715,1,2023-08-16T04:59:50,2024-06-06T16:54:20,140,37,Excellent,0.5394618000306547,True,1,9
581,382,195,2023-10-26T15:13:27,2024-01-07T12:58:15,16,40,Excellent,0.5727926795726122,False,1,13
582,791,98,2024-01-24T22:04:12,2024-03-11T10:34:18,92,12,Poor,0.0344281894472658,False,4,8
583,882,258,2023-09-14T07:04:36,2024-04-29T19:23:26,120,10,Excellent,0.8931642942301575,False,5,16
584,308,297,2023-10-26T22:37:30,2024-04-13T11:17:30,31,43,Poor,0.9541012727784932,False,1,20
585,546,495,2024-08-12T12:57:09,2024-08-02T05:57:12,104,47,Excellent,0.8338612624169497,False,2,5
586,660,123,2024-07-22T06:58:02,2024-06-30T01:25:38,142,27,Poor,0.2770668470235294,False,4,17
587,566,439,2023-11-21T08:04:26,2024-04-02T15:37:45,164,15,Poor,0.0621573256959667,False,4,15
588,615,248,2023-12-11T14:51:51,2024-03-26T01:40:12,36,33,Excellent,0.1113814425635805,False,3,12
589,901,438,2024-07-10T07:00:48,2024-06-28T12:00:04,63,40,Good,0.9924569215161724,False,3,7
590,597,334,2023-12-26T22:47:23,2024-04-18T18:56:13,10,35,Poor,0.1994924333554452,True,2,14
591,813,289,2024-03-21T07:36:37,2024-03-24T07:17:04,91,42,Poor,0.5526152031122615,True,2,10
592,641,216,2023-10-26T21:48:17,2023-08-22T22:06:48,163,19,Poor,0.6575563228003238,False,5,13
593,105,487,2023-09-20T21:05:36,2024-08-08T09:16:33,25,1,Poor,0.9889690301770196,False,4,18
594,590,367,2023-11-14T01:39:14,2024-03-06T20:54:44,152,46,Good,0.1146845153931974,False,2,4
595,600,394,2023-10-13T03:19:59,2024-07-22T23:20:11,177,5,Good,0.7039854914003333,False,3,9
596,235,3,2024-06-12T23:30:29,2024-07-10T09:33:11,51,8,Good,0.272462577467256,True,4,8
597,396,336,2024-06-15T21:23:50,2023-11-12T16:50:45,125,21,Excellent,0.2236327641050177,False,1,18
598,909,189,2023-10-28T19:40:15,2023-09-13T21:29:37,179,48,Poor,0.9375653023934462,True,5,6
599,640,430,2023-09-20T23:49:58,2024-02-15T03:36:11,54,10,Excellent,0.1369918752223476,False,1,14
600,983,223,2024-07-05T19:44:51,2023-08-25T18:18:02,50,24,Poor,0.4041442309289391,False,1,5
601,920,23,2023-12-15T09:04:13,2024-03-13T23:16:59,105,3,Good,0.6653009274652807,True,2,9
602,358,122,2024-07-20T11:47:56,2024-01-14T00:25:01,38,26,Excellent,0.4454630276445651,False,4,2
603,794,373,2023-11-14T23:16:32,2023-12-27T08:46:11,101,31,Poor,0.8379024418894897,False,1,9
604,194,72,2023-12-26T23:42:51,2023-08-25T02:20:20,66,43,Excellent,0.9053763986086036,False,2,13
605,1000,466,2024-03-10T04:12:12,2023-08-24T20:19:24,146,3,Good,0.0342548210760181,True,4,10
606,683,321,2023-12-05T01:49:00,2024-05-31T12:45:37,151,50,Excellent,0.732082739991988,False,4,9
607,511,30,2023-10-27T13:09:50,2023-11-12T18:49:39,147,39,Excellent,0.5483772825413484,True,5,2
608,430,59,2024-06-23T12:38:22,2024-03-22T15:42:35,81,48,Good,0.6090040796464747,False,1,10
609,259,186,2023-12-12T06:17:15,2023-12-17T21:02:01,93,8,Excellent,0.5752153190580435,True,4,1
610,687,120,2023-11-12T21:12:40,2023-12-12T17:22:02,18,29,Excellent,0.2831651082367993,True,4,2
611,766,47,2024-03-17T15:06:51,2024-05-18T20:58:38,120,19,Good,0.713888707909995,True,2,5
612,192,121,2024-04-14T12:59:11,2023-11-21T10:23:26,176,42,Excellent,0.8510111090848548,True,3,14
613,867,374,2024-04-10T14:58:37,2024-07-14T03:56:15,130,42,Poor,0.4315961756073243,False,2,11
614,171,135,2024-03-05T03:02:15,2024-04-27T08:10:52,57,29,Good,0.3094865112168945,True,2,16
615,208,251,2024-03-05T13:40:36,2023-12-21T15:03:53,179,19,Excellent,0.8874442729096299,True,2,14
616,196,360,2024-08-10T23:58:27,2023-11-20T21:21:59,164,49,Poor,0.381659073950315,False,1,14
617,131,146,2023-09-14T02:04:22,2023-09-02T04:41:17,117,36,Good,0.0618844220269491,False,3,13
618,358,284,2024-08-08T22:01:34,2024-08-07T20:42:54,60,15,Excellent,0.5049661190104857,False,1,13
619,48,219,2024-04-16T16:11:39,2024-07-12T18:43:31,37,16,Good,0.3254588432028715,False,4,1
620,615,76,2023-12-04T02:06:59,2023-09-04T12:26:44,41,31,Excellent,0.284767897316536,False,4,10
621,297,378,2024-04-05T20:49:48,2024-06-12T00:05:05,58,37,Excellent,0.3807095569854024,False,1,10
622,24,388,2023-08-30T08:45:17,2024-02-18T03:43:43,131,28,Good,0.874717622417815,True,3,5
623,345,317,2023-11-30T15:19:37,2023-10-11T21:51:18,152,24,Poor,0.377373739147341,True,5,11
624,807,100,2024-03-28T22:04:04,2023-12-21T21:54:41,180,2,Good,0.3029699530294202,True,5,13
625,523,453,2023-12-14T03:00:36,2024-01-23T01:15:35,70,19,Excellent,0.4687002105447256,True,5,1
626,511,171,2023-12-20T06:57:45,2023-09-14T09:12:42,142,11,Excellent,0.0758446371264227,False,3,3
627,820,416,2023-10-30T08:01:42,2023-11-23T15:15:46,80,39,Excellent,0.7840091477050044,False,3,14
628,800,336,2023-12-20T10:32:50,2024-05-06T14:09:22,75,23,Excellent,0.2519490186657239,True,1,9
629,261,496,2024-03-05T23:58:58,2024-01-25T17:48:16,177,16,Good,0.5320509330051828,True,1,10
630,405,311,2024-07-08T16:19:02,2024-07-09T12:20:27,124,14,Excellent,0.2029709272125083,False,5,19
631,940,492,2023-09-10T07:07:45,2023-10-18T08:00:24,138,26,Excellent,0.3402991207443822,False,3,6
632,276,27,2023-10-25T12:16:50,2023-12-02T02:32:29,39,19,Poor,0.5517347082043698,False,3,1
633,196,446,2023-09-14T06:12:34,2024-08-12T00:01:06,41,38,Poor,0.0778716654876618,True,2,14
634,621,118,2023-12-02T20:40:56,2024-02-13T07:30:52,148,3,Good,0.1532083922058752,True,1,10
635,846,189,2024-06-01T17:45:46,2024-02-01T11:18:17,173,45,Poor,0.1303831269390666,True,4,10
636,191,468,2023-11-15T01:03:08,2024-07-28T14:37:59,132,24,Excellent,0.8263351427966877,False,1,19
637,749,209,2023-09-24T11:02:08,2024-02-27T13:08:54,123,44,Good,0.6293955098153757,False,2,17
638,420,94,2023-09-22T08:50:00,2024-02-25T06:31:40,19,33,Excellent,0.0041998419640473,False,4,6
639,363,188,2024-08-01T21:31:52,2024-06-29T15:26:19,136,25,Poor,0.5742727944094986,True,2,16
640,514,292,2024-01-22T22:02:46,2023-08-30T17:48:19,154,24,Poor,0.1465672988674873,True,2,8
641,955,491,2024-05-01T16:47:41,2024-05-16T13:35:38,52,15,Excellent,0.6947350833069187,False,5,5
642,406,308,2024-04-04T13:19:52,2024-06-05T14:06:34,83,15,Good,0.5390469540026129,True,2,7
643,455,180,2024-01-06T05:49:31,2024-01-05T20:21:57,88,42,Excellent,0.5706587462941017,True,1,19
644,494,60,2023-10-15T16:25:23,2024-06-11T22:55:11,15,41,Poor,0.8924592951875387,True,5,7
645,369,401,2023-11-08T01:21:57,2024-02-17T06:45:09,22,32,Good,0.4124796919265696,False,5,3
646,743,419,2024-06-21T15:37:48,2024-06-02T10:53:09,108,31,Excellent,0.0761366209668097,True,1,5
647,117,380,2024-03-08T20:34:05,2023-08-18T21:00:38,67,5,Excellent,0.4044116141548751,False,1,11
648,14,377,2024-02-03T22:54:59,2023-10-27T10:58:23,117,32,Good,0.3687375830194507,False,4,1
649,151,121,2024-06-20T02:44:17,2024-06-27T11:56:40,113,15,Good,0.5549290204444114,False,4,15
650,130,267,2024-02-15T13:26:46,2023-10-05T11:49:25,80,2,Good,0.0022643435463611,False,2,9
651,206,291,2024-07-24T15:36:50,2024-07-06T03:19:59,43,18,Good,0.9823552136331876,True,5,4
652,953,101,2024-06-21T18:31:33,2023-09-22T12:15:51,172,17,Excellent,0.9408716478034852,False,1,20
653,908,63,2023-10-22T06:32:49,2024-01-01T13:31:05,155,6,Excellent,0.2063440275617175,True,1,10
654,602,427,2024-01-13T22:28:53,2024-01-21T18:05:20,46,27,Poor,0.9241216856692692,False,4,16
655,995,446,2024-04-01T05:56:54,2024-04-15T02:13:29,80,13,Good,0.1857724943548272,False,1,8
656,179,260,2024-02-09T22:17:44,2023-11-03T01:34:31,11,9,Poor,0.0951494299852397,True,2,17
657,510,51,2024-01-04T13:17:04,2023-10-19T01:24:25,155,36,Excellent,0.3821167698996119,True,1,7
658,537,310,2024-03-27T07:26:36,2024-03-18T03:46:09,35,20,Poor,0.4726083662123419,False,5,20
659,851,490,2024-01-03T14:32:39,2023-10-15T16:58:11,17,18,Poor,0.865422603273559,False,1,9
660,536,350,2024-05-08T18:21:55,2024-08-13T07:44:52,76,26,Good,0.5025353116424937,True,5,9
661,959,177,2024-05-04T09:07:37,2023-10-11T18:53:43,18,29,Poor,0.3546560292146364,True,5,13
662,142,37,2024-03-27T06:36:38,2024-05-23T09:48:51,93,20,Excellent,0.3414347415306801,True,4,17
663,833,437,2024-04-26T23:14:00,2024-02-18T02:43:22,90,44,Poor,0.8410417243040264,False,3,1
664,68,470,2023-09-05T14:04:48,2023-12-02T14:30:32,101,12,Poor,0.0223044223148418,False,5,16
665,840,74,2023-09-18T07:41:38,2024-02-28T05:57:40,131,40,Excellent,0.4226104174391613,True,3,2
666,612,456,2024-02-24T20:39:18,2024-03-09T07:05:19,86,37,Good,0.9782951390339624,True,2,11
667,756,427,2023-11-16T03:16:13,2024-06-10T00:47:31,63,24,Excellent,0.9095271913984266,False,3,13
668,67,267,2024-05-17T04:06:10,2024-02-28T12:22:54,113,43,Good,0.8211265701600401,True,4,20
669,750,295,2024-03-30T21:46:03,2023-12-06T23:01:36,138,35,Poor,0.8389425838900043,True,1,15
670,21,486,2024-05-13T22:47:23,2023-10-29T19:53:24,133,39,Good,0.7813975747192463,False,4,18
671,512,8,2023-12-09T11:50:56,2024-06-17T04:25:25,153,22,Good,0.4421251231662229,True,4,17
672,784,13,2024-07-01T11:41:19,2024-07-10T09:41:09,23,25,Good,0.7662229729097008,True,3,8
673,982,332,2024-04-08T20:16:45,2024-01-07T10:49:29,72,25,Excellent,0.3961713601825904,True,1,19
674,244,206,2024-04-14T06:46:01,2024-02-26T23:57:42,30,26,Poor,0.3738183791906959,True,4,15
675,960,49,2024-04-22T12:06:20,2023-12-03T17:50:25,87,13,Excellent,0.7622645027846388,True,2,10
676,686,134,2023-12-25T02:10:12,2024-08-01T14:54:48,91,48,Excellent,0.6806303654586162,False,3,19
677,700,123,2024-06-28T10:05:03,2023-09-20T05:40:08,59,20,Poor,0.7421041957206876,True,2,7
678,368,341,2024-05-31T08:13:31,2024-07-03T03:31:46,134,36,Poor,0.649665562431797,True,4,14
679,668,305,2024-02-19T05:30:18,2024-02-24T07:27:43,106,5,Poor,0.4519809949117216,False,3,13
680,525,487,2024-05-29T22:54:54,2024-03-25T18:38:54,53,5,Excellent,0.0715471782849082,False,2,13
681,219,160,2024-04-25T21:00:41,2024-01-09T06:39:35,177,39,Excellent,0.9705212236204652,False,3,17
682,697,234,2024-07-30T21:18:32,2024-01-28T15:28:21,54,12,Poor,0.7574296589415982,True,3,2
683,874,471,2024-01-10T00:25:23,2024-01-24T11:22:36,160,11,Excellent,0.233746431177507,False,4,2
684,261,194,2024-07-22T04:30:00,2024-02-23T17:22:25,35,3,Excellent,0.2874589186028595,False,3,11
685,904,77,2024-07-12T16:26:52,2023-09-25T03:05:55,179,3,Good,0.9207310539317942,False,1,20
686,955,466,2024-01-18T09:57:15,2024-05-04T05:18:13,36,40,Excellent,0.8391672030538814,False,1,10
687,495,368,2024-01-16T11:08:29,2024-02-21T15:03:58,158,10,Good,0.7937390497115108,False,2,10
688,991,479,2024-06-12T04:47:33,2023-11-27T16:20:01,86,13,Excellent,0.6908647590267476,False,4,4
689,980,452,2023-09-03T03:47:34,2023-12-20T04:33:19,92,18,Poor,0.9736906773779213,False,1,8
690,154,30,2024-05-22T21:34:02,2023-11-11T01:14:09,168,24,Good,0.4391288845778006,True,3,11
691,38,339,2024-04-13T22:37:11,2023-10-01T19:38:44,138,45,Excellent,0.9593770349839412,True,5,10
692,798,89,2023-12-23T13:53:43,2023-09-18T19:50:43,27,46,Good,0.5880833220614491,False,3,5
693,537,214,2024-06-18T15:01:03,2023-12-27T23:46:47,139,30,Excellent,0.7046091839106079,False,2,13
694,535,480,2023-10-15T08:19:11,2024-07-02T11:58:44,52,23,Poor,0.7874841475174876,False,4,18
695,902,138,2024-01-24T17:33:10,2023-10-09T14:52:35,32,18,Excellent,0.0549701517797749,False,4,9
696,842,462,2024-06-19T08:12:05,2024-03-05T00:20:47,150,20,Poor,0.7148749844653237,True,4,14
697,518,162,2024-08-09T05:36:13,2024-06-04T23:13:08,150,34,Good,0.3466834191859245,False,2,13
698,155,231,2024-05-25T12:55:04,2024-07-29T20:28:57,179,1,Excellent,0.1887542116881783,True,4,8
699,612,349,2024-07-26T01:50:15,2024-05-27T11:07:33,114,49,Good,0.8808457832997223,True,3,3
700,293,145,2023-10-20T11:35:16,2024-05-11T12:10:56,23,19,Poor,0.3468706549432517,True,2,15
701,185,490,2023-11-25T22:15:50,2023-10-08T16:28:30,34,24,Excellent,0.6259872462007192,True,4,13
702,18,407,2024-07-28T19:08:54,2024-03-17T18:25:23,119,21,Poor,0.550543139977627,False,3,13
703,552,481,2023-12-31T22:21:30,2024-06-11T17:36:31,30,7,Poor,0.7806498695079851,True,3,17
704,996,213,2024-01-15T13:10:32,2023-08-21T21:29:37,158,5,Excellent,0.1562244738799637,True,3,4
705,701,335,2024-02-19T12:09:44,2023-11-09T07:30:25,106,13,Poor,0.5015006907832018,True,3,1
706,313,384,2024-05-31T02:35:48,2023-11-05T15:33:14,71,27,Good,0.2758818274736727,True,3,5
707,188,180,2023-12-20T01:08:01,2024-04-18T16:05:28,35,27,Excellent,0.4889717747939459,False,2,15
708,365,154,2024-06-04T21:16:56,2023-09-28T06:12:23,90,48,Good,0.4650189598424731,True,4,13
709,360,382,2023-11-20T17:16:27,2024-07-29T07:05:50,127,37,Good,0.1392234295400513,True,4,9
710,445,489,2024-07-26T16:02:10,2023-08-16T05:27:46,77,36,Poor,0.1450179029748088,False,1,10
711,177,45,2024-04-10T07:26:29,2024-01-15T01:40:58,56,10,Excellent,0.1245449717565765,True,5,17
712,571,246,2023-12-14T09:29:35,2024-07-29T18:23:23,11,45,Poor,0.0955471273617565,True,3,10
713,779,9,2024-03-02T14:13:32,2024-02-12T17:50:54,85,35,Excellent,0.0174846372058923,False,1,6
714,307,223,2023-09-02T05:21:42,2024-07-04T07:50:13,91,15,Excellent,0.2426911892152051,False,3,15
715,676,397,2023-09-25T18:41:20,2024-01-21T03:56:28,13,31,Good,0.5430334993982265,False,3,1
716,63,369,2024-04-09T00:01:49,2023-09-11T08:53:35,158,26,Excellent,0.9565383199547708,False,4,11
717,442,380,2024-05-24T22:22:22,2024-08-05T10:24:37,171,37,Excellent,0.6128665198943907,False,3,8
718,510,415,2024-05-15T22:11:56,2023-11-19T02:18:07,73,29,Good,0.2947391233475284,False,5,19
719,823,173,2024-07-17T01:32:56,2024-07-24T23:24:22,154,1,Excellent,0.9177867917357596,True,3,16
720,917,378,2024-04-28T11:38:32,2024-07-06T12:48:36,40,46,Good,0.3634438870220238,False,5,8
721,560,281,2024-02-24T21:51:10,2023-11-03T10:31:40,113,48,Good,0.3352742881168269,True,1,10
722,386,92,2024-02-19T23:04:38,2024-04-16T12:53:25,55,50,Excellent,0.919483714957434,False,3,16
723,535,31,2023-10-16T07:17:06,2023-09-01T20:54:33,174,19,Excellent,0.0238928162795906,False,3,8
724,342,347,2024-07-28T01:50:14,2024-06-06T20:33:17,47,10,Excellent,0.254488561979172,False,4,12
725,33,291,2024-02-27T14:46:16,2023-08-30T18:40:05,21,17,Poor,0.9616657964405498,True,1,17
726,59,57,2024-05-01T08:17:34,2024-04-18T10:51:33,146,35,Good,0.5656440417962424,False,4,6
727,835,418,2024-02-28T14:25:53,2023-08-26T01:02:27,27,48,Poor,0.6313856980101973,True,3,13
728,474,185,2024-08-03T05:20:23,2023-11-21T00:11:14,85,12,Excellent,0.2925978059704689,True,5,8
729,374,329,2023-12-31T09:40:17,2024-05-13T05:26:58,61,32,Excellent,0.3974340091849027,True,5,19
730,323,88,2024-06-03T23:02:05,2023-09-05T09:42:11,98,23,Good,0.4381587973200721,True,1,10
731,241,373,2023-10-21T15:27:57,2024-04-25T00:55:07,103,26,Poor,0.5793879348954472,False,2,7
732,708,245,2023-09-04T11:43:46,2024-05-25T20:00:38,59,43,Poor,0.187834470442053,True,4,16
733,332,482,2024-03-12T12:05:34,2024-07-20T16:59:22,94,6,Poor,0.6333399058568168,False,4,4
734,225,15,2023-10-30T20:18:37,2023-08-29T16:46:20,25,27,Excellent,0.3899125866415562,False,1,1
735,593,199,2024-06-07T10:38:54,2024-01-16T19:58:03,121,38,Excellent,0.3087615029524682,False,3,17
736,541,424,2023-09-04T00:16:21,2024-05-06T16:33:08,47,29,Good,0.7820064860231417,True,2,20
737,29,500,2024-05-16T01:52:39,2023-08-31T14:40:36,64,35,Good,0.0675331827140861,False,3,19
738,965,63,2024-01-24T19:39:17,2024-03-22T10:21:31,112,44,Good,0.6899587505072896,False,3,3
739,714,337,2023-11-21T14:30:24,2023-10-31T07:35:52,95,18,Poor,0.0285519559938515,False,1,13
740,705,427,2024-03-09T04:13:56,2024-05-14T14:42:53,106,43,Excellent,0.8617703735771391,True,3,16
741,770,25,2024-06-22T21:15:48,2024-08-08T00:23:01,121,16,Excellent,0.5931508005204077,False,1,14
742,321,185,2024-01-22T05:07:14,2023-11-21T12:29:51,91,29,Poor,0.4497209360199562,False,4,1
743,314,176,2023-12-02T04:26:23,2023-12-20T23:28:40,109,48,Excellent,0.7686026589667406,False,4,20
744,599,454,2023-11-03T12:20:43,2024-05-18T05:17:59,142,24,Good,0.6212238898485897,False,3,6
745,947,110,2024-07-09T04:32:46,2024-07-23T14:53:13,24,21,Poor,0.8923300673331257,False,4,20
746,115,13,2024-01-18T07:57:30,2024-01-31T04:02:08,86,36,Excellent,0.5871063488207866,True,3,10
747,809,324,2024-07-04T21:47:26,2023-08-29T18:24:53,178,2,Excellent,0.9764782647802592,False,5,18
748,794,173,2023-11-20T10:50:31,2023-11-25T03:47:06,136,3,Poor,0.381760613415195,False,3,5
749,761,362,2024-04-12T02:40:19,2023-09-11T22:49:06,41,46,Good,0.6418018131592024,False,3,8
750,67,360,2023-09-04T23:47:34,2024-05-30T11:41:11,47,11,Poor,0.6724789622126685,False,4,13
751,890,382,2023-12-01T12:00:46,2024-03-22T14:36:35,172,27,Good,0.9096769772863768,True,3,2
752,340,95,2023-11-26T21:16:18,2024-03-29T16:54:42,64,28,Good,0.3124588310385926,True,2,17
753,271,397,2024-07-03T14:07:16,2023-11-12T11:40:58,18,43,Good,0.8704546937988229,True,1,6
754,461,197,2024-07-08T13:37:57,2024-03-11T10:16:42,180,26,Excellent,0.2065089551405636,False,5,3
755,294,167,2024-01-14T03:37:36,2024-01-14T06:10:56,52,32,Excellent,0.720137458160491,True,2,13
756,261,382,2024-02-17T06:29:35,2024-06-23T11:53:44,16,32,Poor,0.586452576570322,True,3,9
757,510,376,2024-05-02T06:32:55,2023-11-24T13:18:52,108,17,Poor,0.8411038301849103,True,5,3
758,688,330,2023-09-29T06:51:26,2023-10-18T22:38:09,108,4,Poor,0.4508004763496465,False,3,19
759,852,367,2023-08-23T05:16:56,2024-01-02T20:36:47,159,2,Good,0.6513979506083029,True,1,14
760,286,163,2024-07-16T04:05:11,2024-04-30T08:38:45,162,10,Poor,0.607567010498907,False,5,15
761,399,84,2024-08-09T16:27:00,2023-10-04T09:15:06,34,28,Poor,0.1337776335675858,False,2,3
762,436,307,2023-08-19T16:38:55,2024-05-22T04:42:35,163,5,Excellent,0.083239496402604,False,5,20
763,161,45,2023-12-14T17:24:33,2024-05-12T20:02:13,138,40,Excellent,0.3637728959504748,True,2,8
764,868,142,2024-05-29T16:27:36,2024-04-03T12:31:47,19,31,Poor,0.3384135018490138,False,1,11
765,58,288,2024-05-14T17:00:02,2024-02-01T22:38:53,14,20,Good,0.2381411732525381,False,4,19
766,799,22,2024-02-06T13:53:08,2024-01-23T00:36:46,40,21,Excellent,0.0668519147066547,True,2,9
767,985,432,2023-12-22T05:30:29,2023-08-21T21:19:48,131,23,Poor,0.1764639590645021,False,3,20
768,874,176,2024-06-26T05:31:31,2024-03-09T06:11:18,10,28,Good,0.7488104646927317,False,3,19
769,32,149,2024-06-05T02:21:08,2023-11-29T02:58:39,155,49,Poor,0.7549980632797623,False,2,4
770,293,168,2023-08-18T06:42:14,2023-10-21T14:44:02,44,26,Good,0.725222037080375,True,5,18
771,99,251,2024-03-24T06:17:56,2024-06-17T08:31:13,130,13,Poor,0.104506842106023,True,1,17
772,863,115,2024-07-23T16:59:00,2023-12-27T03:22:48,58,22,Poor,0.0453912229415616,True,3,13
773,904,30,2024-06-16T11:41:14,2024-07-14T08:08:31,128,22,Poor,0.3332542406527087,True,5,1
774,851,389,2024-01-13T23:55:17,2023-12-01T11:10:29,94,41,Poor,0.0914226100783108,False,3,1
775,530,288,2023-09-05T06:37:32,2023-09-28T16:40:30,143,38,Good,0.0266950180151973,True,4,7
776,132,310,2023-08-15T04:29:38,2024-04-27T08:00:35,180,24,Good,0.3574274781907648,False,1,5
777,810,483,2023-11-20T15:59:53,2024-02-20T18:41:21,31,4,Poor,0.8538048140870977,True,2,1
778,353,79,2024-05-23T12:32:56,2023-12-02T14:24:59,56,10,Poor,0.3457946332410907,False,2,16
779,777,268,2024-03-09T04:25:06,2024-04-22T12:54:19,157,8,Good,0.972376160506046,False,2,10
780,741,477,2024-04-26T00:08:28,2024-04-03T23:10:16,47,19,Poor,0.4065670044263108,False,3,15
781,969,182,2024-07-30T04:57:00,2024-05-08T09:21:10,124,7,Good,0.4905273096163908,False,3,13
782,897,102,2024-06-26T13:21:13,2024-01-09T11:06:44,80,19,Good,0.1281738547455883,True,5,9
783,375,411,2024-05-26T22:17:08,2024-08-03T10:55:34,178,4,Good,0.3446870660448823,True,1,16
784,143,493,2024-07-22T07:48:28,2024-03-31T20:29:33,47,4,Good,0.3007450045077715,True,2,17
785,172,388,2024-01-31T02:08:28,2023-10-01T13:40:04,177,44,Good,0.6667733225199268,True,4,13
786,294,101,2023-12-15T13:15:50,2023-12-25T23:42:37,80,15,Good,0.2836917381004116,False,2,8
787,393,6,2024-02-25T12:54:00,2024-06-07T13:34:11,159,29,Excellent,0.2011817425185774,True,5,7
788,210,144,2023-10-16T01:51:49,2023-10-25T22:28:49,146,35,Good,0.3566952318453905,True,4,1
789,524,209,2024-07-11T08:19:24,2024-07-26T23:28:18,133,2,Excellent,0.230185519774672,False,5,11
790,832,381,2023-10-05T22:38:53,2023-10-21T11:50:48,31,14,Excellent,0.9621568070935206,False,4,2
791,567,2,2024-03-20T18:46:30,2024-06-19T08:34:08,63,38,Poor,0.2655711736689676,False,4,15
792,116,141,2023-11-09T02:09:59,2024-02-07T22:04:12,46,13,Good,0.7894128677800856,True,1,6
793,757,173,2024-02-09T13:57:44,2023-10-02T10:23:32,94,47,Excellent,0.7780637456634524,True,3,6
794,982,450,2024-03-14T06:19:37,2024-05-19T04:57:58,54,39,Excellent,0.7942686144804759,True,2,15
795,206,12,2023-12-27T06:48:50,2024-07-12T12:32:15,153,30,Excellent,0.8382109043286909,False,5,10
796,651,183,2023-12-06T00:59:23,2024-02-17T20:27:20,21,1,Poor,0.4968271413130917,False,3,20
797,512,287,2024-02-25T07:04:48,2024-06-30T06:22:47,123,33,Poor,0.3947779956400409,False,4,7
798,626,388,2024-04-18T07:32:02,2023-10-23T07:52:05,178,20,Poor,0.6626890107987069,False,2,8
799,886,392,2023-09-11T23:26:23,2024-03-13T08:21:21,20,14,Excellent,0.999629865098282,False,2,3
800,871,270,2023-12-17T02:39:05,2023-09-09T21:56:05,11,35,Good,0.5134638727195592,False,3,17
801,982,283,2024-01-10T08:38:09,2024-03-15T10:02:40,43,50,Excellent,0.0715687080658876,True,3,16
802,936,366,2024-04-22T05:51:55,2023-11-03T12:31:19,19,7,Poor,0.9828346404241476,False,4,8
803,505,326,2023-08-22T10:13:47,2024-03-26T02:36:10,23,34,Good,0.0171332392841552,True,4,19
804,215,211,2024-04-12T22:48:18,2024-07-05T15:09:40,58,32,Good,0.681671593568627,True,2,13
805,755,343,2023-11-25T05:16:33,2024-04-08T13:11:05,49,24,Good,0.75079074934911,False,4,18
806,574,296,2024-04-23T00:44:26,2024-04-19T21:52:26,132,28,Good,0.5534026647735203,False,2,13
807,87,95,2024-01-04T04:49:53,2024-03-01T02:25:44,104,40,Excellent,0.364999150342264,True,5,13
808,637,35,2024-07-13T14:50:57,2023-10-30T01:04:30,117,48,Good,0.2096134203041157,True,4,9
809,616,80,2023-10-25T09:46:24,2023-11-26T17:18:05,36,45,Excellent,0.548711727394634,True,5,6
810,653,88,2023-10-09T14:19:22,2023-10-10T02:43:23,77,1,Excellent,0.2245087493264235,True,1,18
811,217,120,2024-05-09T09:41:06,2024-02-26T00:21:19,101,34,Good,0.6929259466541814,False,1,6
812,314,7,2024-02-09T11:33:42,2023-11-24T10:44:29,70,14,Good,0.9202204379159804,False,3,1
813,569,406,2023-12-11T12:35:27,2024-03-20T17:38:24,155,25,Poor,0.9658839232257532,False,3,17
814,273,62,2023-12-30T15:46:13,2023-10-08T07:06:21,93,26,Excellent,0.7082176695978097,True,2,2
815,806,308,2024-04-19T05:48:01,2024-07-22T18:32:42,179,47,Good,0.2139926010994628,True,3,2
816,771,408,2024-07-21T07:36:14,2023-12-07T20:02:52,171,39,Good,0.2510889456126802,True,4,16
817,183,464,2023-11-04T02:26:08,2024-04-02T13:40:54,180,31,Poor,0.3929240714350855,True,2,15
818,115,185,2024-04-04T06:47:45,2024-04-06T00:16:31,110,18,Poor,0.3384441327364789,False,4,13
819,261,440,2024-02-17T15:26:35,2024-05-20T09:42:24,161,50,Good,0.6063768232067034,True,3,9
820,398,277,2024-02-07T13:00:51,2024-01-29T05:46:55,39,17,Poor,0.2558828986040229,True,5,2
821,435,484,2024-02-19T03:23:06,2024-06-22T17:10:10,55,23,Excellent,0.4463420247162365,False,5,3
822,906,149,2024-02-17T06:01:51,2023-11-14T20:52:17,120,38,Good,0.705590135283428,False,2,9
823,191,260,2024-04-04T19:16:50,2024-04-22T10:34:10,86,4,Poor,0.8693112344311478,True,3,19
824,923,104,2023-12-10T00:09:13,2023-10-19T15:04:35,137,32,Good,0.651686530033192,False,5,1
825,642,423,2023-11-06T13:16:28,2024-07-23T20:40:47,161,48,Excellent,0.8231288794513029,True,2,5
826,946,401,2024-03-10T08:06:57,2024-02-28T12:49:14,150,50,Poor,0.7382184437953289,True,1,14
827,466,145,2023-09-13T04:28:02,2023-10-13T06:47:26,158,26,Excellent,0.6928467143763394,False,2,17
828,820,295,2023-10-01T17:39:29,2023-08-22T21:11:29,173,34,Good,0.0665250245282453,True,5,17
829,156,160,2023-10-14T07:43:47,2024-03-29T14:46:13,111,33,Poor,0.171107564003306,False,5,18
830,70,426,2024-05-11T02:07:46,2024-03-22T13:38:31,74,50,Poor,0.6898885368785808,False,2,10
831,515,487,2024-02-05T14:12:14,2023-11-03T19:25:52,36,13,Good,0.3954712124530808,True,1,16
832,182,266,2024-04-14T23:11:36,2024-07-01T22:19:15,31,7,Poor,0.7939598078706989,True,2,5
833,158,36,2024-05-08T02:33:56,2024-07-02T13:58:37,124,33,Excellent,0.4852456209726872,True,3,6
834,169,247,2023-09-30T20:14:27,2023-09-01T14:37:31,168,4,Excellent,0.8848874136076293,True,4,4
835,795,379,2024-01-09T17:02:19,2024-01-13T22:23:42,115,38,Excellent,0.4475306495083478,False,5,20
836,343,5,2024-01-10T08:34:26,2024-03-07T05:36:19,112,19,Poor,0.4913065507125426,True,1,8
837,327,315,2024-05-29T16:35:16,2024-07-12T01:18:44,70,37,Good,0.1810438463798547,True,1,12
838,350,18,2024-04-26T10:56:33,2024-07-21T05:38:38,118,2,Good,0.6314515624525213,True,1,11
839,126,207,2024-06-27T16:39:16,2024-07-15T08:44:25,45,48,Poor,0.9129337363891838,False,3,15
840,971,88,2023-09-06T04:34:41,2024-05-06T18:39:05,100,21,Good,0.2324065049511905,True,5,7
841,634,358,2023-11-13T14:15:04,2024-01-04T09:12:47,152,13,Poor,0.3774972338574657,False,5,8
842,62,345,2024-02-14T05:30:54,2024-03-16T12:53:11,31,31,Excellent,0.8062432144392553,False,5,20
843,166,294,2023-11-01T06:16:45,2024-03-25T19:33:52,45,30,Excellent,0.4425452293235291,True,1,9
844,187,324,2024-03-26T05:56:32,2023-11-10T14:02:42,33,47,Good,0.458061366702607,False,5,6
845,906,234,2024-05-09T06:55:01,2023-12-10T03:27:43,55,12,Excellent,0.4293062455761367,True,5,12
846,122,434,2024-01-29T19:08:43,2024-05-27T13:21:53,31,37,Good,0.3770074551803576,False,1,1
847,342,360,2024-02-25T01:56:29,2024-06-28T08:23:41,47,42,Poor,0.4299755525305736,False,3,1
848,444,307,2024-05-02T05:32:48,2024-02-10T17:44:31,141,13,Excellent,0.8717546143940532,True,3,16
849,964,141,2024-03-22T21:27:29,2024-08-08T09:33:46,165,47,Poor,0.7449851674763813,True,1,12
850,95,175,2023-09-21T18:06:36,2023-10-20T18:52:52,32,37,Poor,0.8481951123965711,True,1,5
851,47,175,2024-06-03T00:46:51,2024-02-09T18:40:32,150,15,Excellent,0.5529877772948721,False,4,4
852,697,174,2024-02-13T22:51:13,2024-02-18T10:46:41,36,30,Poor,0.1413707548491434,False,1,1
853,94,95,2023-09-21T14:19:44,2023-08-29T07:26:12,96,14,Good,0.9951679954303104,True,5,19
854,463,109,2024-06-26T03:50:46,2023-11-17T14:54:14,33,26,Poor,0.9505237305954792,False,3,4
855,882,325,2024-01-10T08:52:20,2023-10-28T14:32:24,59,39,Poor,0.2057399077895219,False,4,17
856,540,162,2024-07-30T07:53:33,2024-06-12T05:03:27,132,28,Good,0.1752919920670926,False,4,8
857,191,349,2024-05-14T13:40:52,2024-04-01T03:09:08,88,33,Poor,0.6230543690760716,True,3,3
858,858,453,2024-03-29T04:45:58,2024-05-21T13:55:00,36,3,Good,0.9941033257183536,False,3,14
859,408,484,2023-11-23T01:06:14,2024-07-23T19:05:03,43,32,Poor,0.6978668007271315,True,1,5
860,788,67,2024-02-23T21:00:51,2023-10-22T03:32:18,145,38,Good,0.9519477169767872,True,2,20
861,157,385,2024-03-03T23:13:19,2024-03-08T23:53:00,45,50,Excellent,0.3196519687367058,True,3,3
862,195,376,2024-01-14T16:43:56,2023-10-31T19:37:57,136,46,Poor,0.5157793000322024,True,3,9
863,707,285,2024-01-03T03:09:22,2023-09-28T15:23:58,79,11,Good,0.59682295300272,True,5,13
864,109,86,2023-08-23T23:26:12,2023-08-24T19:01:02,15,31,Excellent,0.8033946982687958,True,5,14
865,823,425,2023-12-08T06:17:17,2023-12-18T17:23:20,105,19,Excellent,0.178838326051816,True,5,16
866,315,472,2024-01-25T17:58:23,2024-05-10T15:00:54,93,25,Good,0.5151694851635124,True,1,12
867,420,176,2023-08-17T08:30:24,2024-02-08T03:09:09,67,9,Excellent,0.3213245797294931,True,5,19
868,185,337,2024-08-08T21:16:50,2024-03-28T02:53:31,103,8,Excellent,0.7614610167924433,False,5,19
869,905,399,2024-01-28T05:11:05,2023-08-17T22:44:54,48,16,Good,0.957988888642376,True,3,20
870,517,155,2024-04-26T07:13:03,2023-09-24T05:02:12,57,3,Good,0.5271458542347406,True,3,10
871,63,411,2024-04-18T06:57:58,2024-04-10T17:23:40,104,45,Poor,0.3965345604114149,False,4,6
872,315,75,2023-08-17T03:07:05,2024-04-17T16:24:41,65,35,Excellent,0.5466440453784566,False,4,1
873,741,197,2024-05-16T16:05:00,2024-03-19T18:30:17,92,3,Excellent,0.5011648006906513,True,4,17
874,210,123,2024-02-11T01:53:28,2024-03-16T00:00:33,40,44,Excellent,0.1276375435318146,True,4,6
875,38,305,2023-12-18T22:01:09,2023-11-16T13:15:17,146,16,Poor,0.0149405694610159,False,2,15
876,281,192,2024-07-19T09:39:00,2023-11-03T09:16:43,63,38,Poor,0.9310385902442396,False,2,20
877,86,22,2024-08-04T23:07:33,2023-11-10T21:31:00,122,31,Poor,0.9975735540004912,True,5,1
878,715,244,2024-06-14T15:17:44,2023-11-30T13:32:02,127,2,Poor,0.896617549545019,True,1,7
879,413,68,2023-11-30T15:27:28,2024-04-27T10:48:36,121,12,Excellent,0.99646510216583,False,1,4
880,623,84,2024-03-01T16:44:45,2024-05-13T19:27:01,79,50,Excellent,0.1300478681929536,False,5,8
881,111,85,2023-10-01T04:03:28,2023-11-30T22:27:31,106,10,Excellent,0.9224614142898916,True,5,6
882,940,364,2023-10-15T04:51:30,2024-08-01T17:57:10,140,15,Excellent,0.1161173933599242,True,4,5
883,288,390,2024-01-09T19:45:30,2024-04-21T13:23:25,150,46,Good,0.6930877655184319,False,3,6
884,669,258,2023-12-26T03:50:25,2023-10-14T23:32:20,117,8,Good,0.8075157043099845,True,4,11
885,252,479,2024-03-15T16:14:10,2023-12-28T15:37:12,111,5,Poor,0.8750023053058044,False,2,20
886,794,225,2023-10-08T10:35:15,2023-10-19T12:26:11,74,2,Poor,0.4185783750497102,False,3,13
887,74,258,2023-10-30T01:18:40,2023-09-18T19:34:26,146,11,Excellent,0.9458802575314668,False,3,10
888,485,37,2023-10-02T07:44:12,2024-03-16T01:18:48,99,5,Good,0.1997980719538664,False,5,11
889,633,142,2023-10-07T20:03:04,2023-10-20T12:15:17,47,37,Excellent,0.5180432960539092,False,3,11
890,331,58,2023-11-06T19:04:49,2024-01-24T16:31:54,17,24,Excellent,0.7502151950533347,False,3,9
891,54,399,2023-11-04T07:59:58,2024-05-06T06:32:57,86,22,Good,0.9353096062758816,True,2,17
892,29,179,2023-09-25T10:14:19,2023-09-22T10:00:42,150,44,Excellent,0.5176657499913108,True,3,19
893,604,128,2023-11-06T22:04:28,2024-06-26T07:13:49,14,25,Good,0.3340637800097694,False,5,4
894,843,390,2024-08-01T12:24:36,2024-04-21T21:33:47,132,23,Excellent,0.4900364209261859,True,2,18
895,701,104,2024-06-01T18:15:56,2024-01-07T08:45:35,34,30,Good,0.0887158362054617,True,1,5
896,412,74,2023-08-18T02:13:38,2024-08-10T00:47:01,174,16,Excellent,0.1142909968752693,True,4,16
897,835,144,2023-12-10T23:49:40,2024-01-31T13:39:38,72,22,Excellent,0.212448270762529,False,4,8
898,400,207,2024-01-20T04:18:03,2024-04-20T09:06:51,18,39,Poor,0.6902916953509048,True,1,14
899,306,238,2024-03-02T17:57:27,2024-05-07T19:01:24,100,9,Poor,0.6018949247739708,True,2,6
900,478,52,2024-04-12T07:38:35,2024-07-12T06:40:44,80,43,Poor,0.3207922409058348,True,5,12
901,842,50,2024-06-16T23:52:39,2023-09-20T13:39:37,120,9,Poor,0.7242053916176111,True,3,19
902,746,132,2024-06-22T04:33:47,2024-07-01T10:31:36,81,35,Good,0.6539271092104593,False,2,3
903,954,23,2023-09-20T08:06:21,2023-09-12T23:56:54,143,20,Poor,0.0213626645703112,True,2,7
904,893,423,2024-08-02T21:58:18,2024-04-13T12:53:05,44,9,Excellent,0.6860857144387902,False,3,5
905,25,57,2023-09-20T02:07:18,2024-06-03T21:11:27,28,12,Excellent,0.4595674398531536,True,2,2
906,700,192,2024-04-04T21:17:20,2024-04-25T18:24:43,84,33,Good,0.5481011035040049,True,3,9
907,791,215,2024-04-22T18:00:46,2023-09-08T09:45:34,51,38,Good,0.1018108522221464,True,1,12
908,72,392,2024-07-24T21:00:56,2023-10-06T14:20:44,78,17,Poor,0.2138474928078488,False,5,5
909,835,303,2024-04-18T08:22:17,2023-11-05T05:38:01,65,40,Excellent,0.3161493712430971,False,4,12
910,218,34,2023-09-29T22:56:54,2024-07-20T19:42:55,123,47,Excellent,0.1949093090282432,False,3,13
911,25,424,2024-03-21T17:45:19,2023-11-18T11:32:19,124,32,Poor,0.6075993845094204,True,4,16
912,818,193,2024-04-10T01:14:12,2023-08-27T17:11:17,178,45,Excellent,0.2778278156074103,True,1,12
913,906,430,2024-06-14T03:57:39,2024-08-03T22:45:44,113,2,Excellent,0.6769328193906494,False,2,11
914,301,88,2024-03-11T21:04:19,2023-09-23T19:11:47,94,11,Excellent,0.3227955499865839,False,3,14
915,340,281,2024-06-19T02:22:33,2024-01-25T19:08:04,112,40,Excellent,0.8769843342866512,True,2,9
916,460,474,2023-11-13T05:11:02,2024-02-03T19:25:32,54,1,Good,0.524543318112441,False,2,11
917,350,65,2024-05-15T18:09:43,2023-09-01T15:38:48,167,18,Good,0.5167190111490669,True,1,18
918,569,134,2024-03-01T23:28:56,2024-02-10T17:01:24,99,8,Poor,0.962770153753896,False,1,10
919,910,308,2024-06-26T16:20:42,2023-08-24T13:09:11,92,10,Good,0.3953950386244024,False,4,8
920,362,429,2024-07-13T02:41:37,2023-08-21T01:40:33,77,5,Good,0.9995926571967252,True,5,14
921,278,304,2024-03-17T23:56:05,2023-10-18T18:33:08,131,32,Poor,0.3350164863331566,True,3,18
922,556,259,2024-02-18T22:48:37,2024-05-25T12:51:02,68,15,Poor,0.1916359441499375,True,4,19
923,516,104,2023-10-15T17:26:34,2023-11-17T10:41:19,80,36,Good,0.0030827769834858,True,4,12
924,910,340,2024-02-20T09:46:30,2024-06-24T17:50:18,118,17,Excellent,0.5519723291474274,False,3,2
925,459,476,2023-10-31T05:53:54,2023-10-10T15:06:45,92,49,Good,0.3073450103123123,True,4,13
926,865,208,2024-04-24T07:27:48,2024-06-30T13:24:02,103,22,Poor,0.5172244203041357,False,1,15
927,281,321,2023-11-09T09:07:46,2024-02-27T22:08:04,13,24,Good,0.5166002713136674,True,3,2
928,309,478,2023-09-16T05:08:49,2023-10-19T09:17:44,122,43,Good,0.9056195793179846,True,3,9
929,777,203,2024-06-07T18:42:46,2023-10-23T09:10:19,39,37,Excellent,0.5596728781519181,True,2,13
930,588,473,2024-07-13T12:12:01,2024-01-16T00:59:30,94,5,Excellent,0.8367671550798514,True,3,17
931,21,239,2024-04-20T09:42:59,2023-09-09T12:41:15,44,11,Poor,0.3842939770096476,False,5,2
932,836,372,2024-03-25T12:18:49,2023-09-16T10:05:12,84,6,Excellent,0.5977212653104285,False,1,12
933,966,280,2023-08-17T19:04:31,2024-01-04T20:20:10,135,9,Poor,0.1342540173299042,False,4,4
934,559,254,2024-05-22T09:12:05,2024-01-11T20:26:45,151,9,Excellent,0.0687515822977782,False,3,8
935,346,220,2023-11-07T02:56:20,2024-01-29T07:04:21,74,34,Poor,0.6143118995036,False,2,9
936,851,116,2023-11-23T09:49:00,2023-11-11T09:31:12,171,36,Poor,0.8658178194317095,False,4,7
937,722,376,2023-12-12T00:36:11,2023-09-27T05:56:40,63,40,Poor,0.1984894784197811,True,3,1
938,258,484,2024-03-04T22:30:17,2023-12-06T23:10:43,35,46,Excellent,0.8541248568703809,True,1,1
939,881,399,2024-01-09T14:52:43,2024-01-26T14:47:55,48,12,Good,0.7510647677302982,True,1,20
940,298,390,2024-08-09T15:57:22,2023-10-27T06:52:49,10,49,Good,0.1757303620814073,True,2,8
941,73,157,2024-07-31T12:12:53,2023-09-10T19:43:56,118,1,Poor,0.1042592653261295,False,3,2
942,991,301,2024-01-12T12:40:44,2024-07-13T13:24:51,37,3,Good,0.3396843190638139,False,3,9
943,873,251,2024-04-08T09:24:25,2023-09-18T19:27:29,126,2,Good,0.6816682054477023,True,5,3
944,10,181,2024-05-09T07:15:51,2024-02-20T08:38:51,46,50,Excellent,0.3494175736073966,False,1,12
945,937,498,2024-04-04T05:10:31,2024-07-03T11:40:43,109,45,Poor,0.871652241897711,True,5,6
946,523,222,2024-07-15T09:24:53,2024-07-23T17:13:57,96,30,Excellent,0.6177122681056819,False,1,11
947,894,148,2024-07-02T18:12:35,2023-12-28T05:39:12,34,39,Excellent,0.580697898740833,True,3,2
948,621,84,2023-09-19T08:47:06,2024-07-15T18:34:25,168,14,Excellent,0.9173880219247068,True,1,6
949,95,108,2023-10-30T01:59:52,2024-05-01T22:43:25,107,37,Good,0.989107733746129,False,3,9
950,264,114,2024-06-21T04:56:07,2023-09-05T07:21:55,159,2,Poor,0.2990111702041894,False,2,18
951,780,304,2024-01-16T10:49:28,2023-08-28T07:27:44,77,46,Poor,0.4060718910838968,False,3,2
952,554,389,2024-01-10T13:34:37,2024-08-07T18:17:33,179,25,Poor,0.4690827161980868,False,5,8
953,735,21,2023-12-08T14:18:24,2024-08-09T11:30:20,83,12,Excellent,0.2097104257362654,True,2,15
954,377,418,2023-09-16T16:53:47,2024-07-21T05:01:13,42,39,Good,0.1415950994743662,True,1,5
955,911,414,2024-06-19T08:29:45,2024-02-05T07:40:50,80,13,Excellent,0.7597933976185547,False,4,4
956,327,195,2023-11-07T22:55:35,2024-05-09T08:33:04,115,4,Poor,0.1516882239338619,False,1,11
957,725,33,2023-12-07T02:50:24,2024-04-06T10:52:04,135,26,Good,0.6409762567872656,False,4,8
958,701,287,2024-04-17T23:37:57,2024-02-11T01:19:30,29,17,Excellent,0.4038938272533711,True,5,6
959,144,220,2023-09-02T15:45:40,2023-12-05T17:44:39,21,50,Poor,0.4460239878396254,True,1,3
960,232,259,2023-09-20T11:29:05,2024-08-04T02:23:39,116,29,Good,0.3291450071072349,False,4,5
961,792,458,2023-10-06T20:53:18,2024-01-02T04:17:02,61,6,Excellent,0.323584257478517,False,2,1
962,194,369,2024-06-29T02:48:27,2024-08-09T22:59:11,119,38,Good,0.1254028737455716,True,2,4
963,412,418,2024-07-15T21:55:54,2024-04-21T12:49:39,131,20,Excellent,0.4706065914602616,False,4,9
964,512,415,2024-01-16T19:36:07,2023-09-30T05:43:51,40,21,Poor,0.2789988400816893,False,5,4
965,656,313,2024-01-27T08:49:09,2024-05-26T18:40:38,171,5,Good,0.8496336021729146,True,5,6
966,448,447,2023-09-26T15:03:57,2024-06-24T00:35:46,145,49,Excellent,0.0431503309992362,False,2,13
967,304,248,2024-01-03T21:27:15,2024-03-31T00:13:59,139,11,Poor,0.7775794025544851,True,2,18
968,426,275,2024-07-12T16:08:10,2023-12-12T09:43:56,135,28,Poor,0.6066052198874602,False,2,19
969,585,329,2024-06-30T05:01:16,2023-11-21T14:04:46,62,17,Poor,0.7125920011033712,False,2,4
970,659,5,2024-04-04T06:24:29,2024-07-18T11:14:12,157,23,Poor,0.9513436319212136,False,3,19
971,485,30,2024-07-20T12:02:28,2023-10-18T13:21:37,166,12,Excellent,0.5747309342212336,True,1,7
972,529,327,2023-11-23T20:58:33,2024-04-02T19:33:07,98,30,Good,0.5695388894026706,False,1,12
973,451,219,2024-06-03T10:38:23,2024-07-27T00:22:03,177,17,Excellent,0.9563626960146294,False,3,19
974,769,11,2024-05-23T00:10:21,2023-10-17T06:01:18,35,42,Poor,0.0198585319307104,True,4,1
975,108,58,2023-12-10T10:55:41,2023-08-22T17:54:36,150,28,Good,0.5454830755733598,True,1,8
976,957,441,2023-08-23T23:35:43,2024-07-04T15:04:06,53,50,Good,0.5326490966900371,False,2,5
977,308,371,2023-09-15T20:05:06,2023-11-17T17:22:08,157,29,Good,0.6413027893449778,True,1,13
978,525,412,2024-06-02T16:23:50,2023-12-14T08:30:31,90,23,Good,0.4032142051441738,False,2,12
979,290,272,2024-06-29T09:08:10,2023-12-04T19:25:14,129,36,Good,0.5660391640427542,False,5,2
980,438,57,2023-11-06T20:29:21,2024-01-21T02:36:38,132,16,Good,0.3425881683128502,True,5,3
981,987,71,2023-12-31T09:33:23,2024-03-09T20:19:49,43,49,Good,0.5424831839204307,True,2,15
982,347,99,2024-01-13T13:29:50,2023-11-03T06:30:16,134,25,Good,0.4098620531547433,True,2,5
983,235,117,2024-01-29T06:49:13,2024-06-24T17:46:36,156,6,Poor,0.5749406035030987,False,1,17
984,243,122,2024-02-15T18:11:19,2023-12-02T06:38:31,139,22,Good,0.4777912728585344,False,4,11
985,90,287,2024-06-10T17:56:54,2023-11-22T08:26:01,83,36,Good,0.1328604294575366,False,2,5
986,171,204,2023-10-16T02:01:28,2024-03-31T05:31:23,171,16,Poor,0.8777424129948685,False,3,14
987,842,485,2023-11-16T09:29:39,2023-08-29T10:01:23,119,40,Excellent,0.122188513658164,False,3,4
988,597,426,2023-10-30T05:49:24,2023-12-25T02:58:51,85,9,Excellent,0.4302405708641005,False,1,19
989,984,395,2024-07-15T23:32:39,2024-01-20T23:35:53,134,25,Excellent,0.3035282578101633,True,2,20
990,235,479,2024-07-02T17:29:46,2023-11-20T20:05:11,137,11,Good,0.1044217660479566,True,1,20
991,994,394,2024-03-23T23:42:34,2024-06-21T21:12:23,92,18,Poor,0.7158742826533598,False,1,15
992,404,319,2024-05-31T23:24:59,2024-07-26T12:53:41,156,34,Poor,0.2124842332808478,False,3,1
993,220,444,2023-11-29T10:54:44,2024-01-30T18:02:28,112,1,Poor,0.6679887635367922,True,3,18
994,915,286,2024-08-10T18:07:13,2023-10-17T21:40:57,152,43,Excellent,0.8879800672133913,False,2,13
995,691,264,2024-05-27T13:47:40,2024-03-29T13:50:46,79,2,Poor,0.4032095585674207,True,1,5
996,881,275,2024-01-19T06:37:42,2024-02-20T01:24:27,53,30,Poor,0.1228025168058832,False,4,15
997,501,321,2024-03-02T09:21:34,2024-07-18T04:07:14,159,24,Excellent,0.5365438106381014,True,3,11
998,987,263,2024-04-25T08:01:09,2023-11-24T16:28:11,102,43,Poor,0.1882905343251065,True,3,18
999,289,117,2024-04-02T15:42:11,2023-10-04T11:45:55,115,47,Excellent,0.9580598997067374,True,4,5
1000,480,149,2024-02-16T18:06:56,2024-01-09T21:58:51,27,48,Excellent,0.1589005375502584,False,5,4
